name	url
100 Thieves	100thieves.com
ten eleven ventures	1011vc.com
Guangdong No.1 Pharmacy Chain Company	111.com.cn
1839 Ventures	1839ventures.com
1DocWay	1docway.com
2020 On-site	2020onsite.com
21	21.co
24/7 Real Media	247realmedia.com
24 Hour Fitness Worldwide	24hourfitness.com
3DiVi	3divi.com
3D Medicines	3dmedcare.com
3one4 Capital	3one4capital.com
3SP Group	3spgroup.com
3ware	3ware.com
42cap	42cap.com
500 Startups	500.co
51credit.com	51credit.com
5 prime ventures	5primeventures.com
Nanjing Iron & Steel Co	600282.net
6AM City	6amcity.com
6fusion	6fusion.com
Seventh Sense Biosystems	7sbio.com
OCT	88oct.co.jp
8VC 8vc.com	8vc.com
99	99app.com
99designs	99designs.com
9REN group	9ren.it
Andreessen Horowitz a16z.com	a16z.com
Avex	aadeamstel.nl
Abbott Laboratories	abbott.com
AbbVie	abbvie.com
AbCRO	abcro.com
ABEJA	abeja.asia
Associated British Foods	abf.co.uk
abillionveg	abillionveg.com
Abingworth Management	abingworth.com
ABM Industries	abm.com
AT&T	about.att.com
Meituan.com	about.meituan.com
Absolvent.pl	absolvent.pl
abstract ventures	abstract.vc
A Bullseye View	abullseyeview.com
Acadia Healthcare	acadiahealthcare.com
Accel	accel.com
Accenture	accenture.com/ie-en/new-applied-now
Access Holdings	accessholdings.com
accessiBe	accessibe.com
Acclarent	acclarent.com
ACCO Semiconductor	acco-semi.com
Accolade	accolade.com
Accuscore	accuscore.xyz
Acision	acision.com
ACME Cleantech Solutions Private	acme.in
Acorns	acorns.com
Actifio	actifio.com
Action	action.nl
Activant Capital	activantcapital.com
Offsight	actvcontent.com
Acuo Technologies	acuotech.com
ACV	acvauctions.com
Adac Laboratory	adaclaboratories.com
Adamas Pharmaceuticals	adamaspharma.com
Adani Green Energy	adanigreenenergy.com
Adjoint	adjoint.io
Archer-Daniels-Midland Co	adm.com
Admetsys	admetsys.com
AdNabu	adnabu.com
Adtalem Global Education	adtalem.com
AdTriba	adtriba.com
Texas Health Resources	adtrk.tw
America Cash Advance Centers,Inc.	advanceamerica.net
Advision Media	advision.net.cn
Advanced Microgrid Solutions	advmicrogrid.com
Adzuna	adzuna.co.uk
Aero Engine Corporation of China	aecc.cn
Anschutz Entertainment Group	aegworldwide.com
AEInnova	aeinnova.com
Aereo	aereo.com
Aerolineas Argentinas	aerolineas.com.ar
Aerones	aerones.com
Aeropostale	aeropostale.com
Aerospike	aerospike.com
Aetion	aetion.com
Banyan Netfaqs	afaqs.com
Afferent Pharmaceuticals	afferentpharma.com
Affinity	affinity.co
Affirm	affirm.com
AfriMarket	afrimarket.fr
AfterShip	aftership.com
Associated General Contractors of America	agc.org
Ageas	ageas.com
Age of Learning	ageoflearning.com
Aggregate Knowledge	aggregateknowledge.com
Agicap	agicap.fr
AgileSwitch	agileswitch.com
Green Agrevolution	agrevolution.in
Agroop	agroop.net
Agroptima	agroptima.com
Anhui Hengyuan Coal Industry and Electricity Power	ahhymd.com.cn
Advanced Intelligent Systems	ai-systems.ca
AIA Group	aia.com
American Institute of Architects	aia.org
AIAR - Daring to Change the World	aiar.com
Shanghai Zongdan Information Technology Co.	aikucun.com
Aila Technologies	ailatech.com
Airbnb	airbnb.com
Aire	aire.io
Societe Air France	airfrance.com
Air France KLM	airfranceklm.com
Airgas Incorporated	airgas.com
Airspace Systems	airspace.co
Air Tasker	airtasker.com
Bharti Airtel	airtel.com
Airtel	airtel.in
AirWorks	airworks.io
Akamai Technologies Inc	akamai.com
Akamai Technologies	akamai.com/fr/fr
Akari Therapeutics	akaritx.com
Akenerji Elektrik Uretim	akenerji.com.tr/tr
akvola Technologies	akvola.com
Al-Futtaim Group	al-futtaim.ae
Alarko Contracting Group	alarko.com.tr
Alaska Air Group Inc	alaskaair.com
Albéa Group	albea-group.com
Alexion Pharmaceuticals	alexion.com
Alfa Corporativo	alfa.com.mx
Alghanim Industries	alghanim.com
Algolux	algolux.com
Alibaba	alibaba.com
Alipay	alipay.com
Alitalia	alitalia.com
Abdul Latif Jameel	alj.com
Alkeon Capital	alkeon.com
Alkeon Capital Management	alkeoncapital.com
Allbirds	allbirds.com
New Zealand Rugby	allblacks.com
Allen & Company	alleninvestments.com
Allied Healthcare	alliedhealthcarejobs.co.uk
All Raise	allraise.org
AllThingsD	allthingsd.com
Ally Financial	ally.com
allyDVM	allydvm.com
Marriott	almacenesmarriott.com
Almanac	almanac.io
Alnylam Pharmaceuticals	alnylam.com
Alphabet	alphabet.com
Alsop Louie Partners	alsop-louie.com
Altice USA	alticeusa.com
Altitude Digital	altitudedigital.com
Altran Praxis	altran-praxis.com
Altus Power America	altuspower.com
Alyne	alyne.com
Amalto Technologies	amalto.com
Amazon	amazon.com
Ambiq Micro	ambiqmicro.com
Ambow Education	ambow.com
Advanced Micro Devices	amd.com
American Banker	americanbanker.com
American Express Co	americanexpress.com
AmeriPlan Corporation	ameriplanusa.com
Amf Bowling	amf.com/home
Amnis	amnis.com
AMP	amp.com.au
Amphenol Corp	amphenol.com
AMP Robotics	amprobotics.com
Technology Insurance Company	amtrustfinancial.com
Anago	anago.com
Anaqua	anaqua.com
Andela	andela.co
ANDRITZ	andritz.com
Angaza	angaza.com
AngelList	angel.co
Angion Biomedica	angion.com
Anhanguera Educacional Participacoes	anhanguera.com/home
Anix Group	anix.in
Anki	anki.com
Annaly Capital Management	annaly.com
Self-Emplyed	annquilts.com
Anomali	anomali.com
Anorak Technologies	anorak.life
Anritsu	anritsu.com
Anthem	anthem.com
Anthemis Group	anthemis.com
Anthos Capital	anthoscapital.com
Anulex	anulex.com
Aon Hewitt	aonhewitt.com
Apax Partners	apax.com
Apeel Sciences	apeel.com
Apeel	apeelsciences.com
Apex International Energy	apexintl.com
American President Lines	apl.com
Apollo Tyres	apollotyres.com
Mirror	app-mirror.com
AppQuality	app-quality.com
AppDirect	appdirect.com
AppDynamics	appdynamics.com
getbetter!	appgetbetter.com
Apple	apple.com
ApplyBoard	applyboard.com
drinkos	apps.facebook.com/drinkos
Apptio	apptio.com
Apptopia	apptopia.com
AppyParking	appyparking.com
Apria Healthcare	apria.com
Apriso	apriso.com
Great Atlantic & Pacific Tea	aptea.com
Aptiv PLC	aptiv.com
Apzumi	apzumi.com
Aqrose Technology	aqrose.com
Aquafil S.p.A.	aquafil.com
Aquifi	aquifi.com
Arbinet	arbinet.com
arborview capital	arborviewcapital.com
ARC International SAS	arc-intl.com
Arcadis	arcadis.com
Archroma	archroma.com
Arconic	arconic.com
Arcos Dorados Holdings	arcosdorados.com/#
Arcstone	arcstone.co
Arctic Sand Technologies	arcticsand.com
Arculus	arculus.de
Arcus	arcusfi.com
Arena Pharmaceuticals	arenapharm.com
Arena Solutions	arenasolutions.com
Argentum Capital Partners	argentumcapitalpartners.co.uk
The Argentum Group	argentumgroup.com
Argo AI	argo.ai
Argonaut Private Equity	argonautpe.com
ArgoPay	argopay.com
ArkWorks	arkworkspro.com
Arlo Technologies	arlo.com
Arlo & Co	arloandco.com.au
armonea N.V.	armonea.be
Array ADC/Load Balancers	arraynetworks.com
Arrelic	arrelic.com
Arrow Truck Sales	arrowtruck.com
Arrow Value Recovery	arrowvaluerecovery.com
ArtCenter College	artcenter.edu
Artificial Labs	artificial.io
Artiman Ventures	artiman.com
ArtiMinds Robotics	artiminds.com
JET	artmachining.com/cnc-machining-services
Artsy	artsy.net
Aryaka Networks	aryaka.com
Arysta Life Science	arystalifescience.com
Asana	asana.com
Asana Rebel	asanarebel.com
ASAPP	asapp.com
Ascend Telecom Infrastructure Pvt.	ascendtele.com
Ascend Wellness	ascendwellness.com
Ascent Corporation	ascent-corp.com
Ascentis	ascentis.com
ASEA	aseaglobal.com
Asera	asera.com
Ashoka Group	ashokaengineering.com
Ashok Leyland	ashokleyland.com
Asobi Time	asobitime.blogspot.in
Assembrix	assembrix.com
ASSIA	assia-inc.com
Astellas Pharma	astellas.com
Astronergy	astronergy.com
ATESTEO	atesteo.com
athenahealth	athenahealth.com
Austin Technology Incubator (ATI)	ati.utexas.edu
Ati	atiinc.com
Construction Tools	atlascopco.com
Boreal Therapeutics	atlasventure.com
Atmosoar	atmosoar.io
AtomLeap	atomleap.com
Atrium LTS	atrium.co
AT&T México	att.com.mx
Attolight	attolight.com
AUBO Robotics	auborobotics.com
Auris Medical Robotics	aurisrobotics.com
Aarav Unmanned Systems	aus.co.in
Auteur	auteur-watches.com
Auth0	auth0.com
AUTO1 Group	auto1-group.com
AutoGravity	autogravity.com
Automation Anywhere	automationanywhere.com
Honda	automobiles.honda.com/clarity
AutonomouStuff	autonomoustuff.com
Avalara	avalara.com
Avalon Ventures	avalon-ventures.com
Avant	avant.com
Avantha	avanthagroup.com
Avaya Spaces	avaya.com
Aveanna Healthcare	aveannahealthcare.com
Avery Dennison Corp	averydennison.com
Avex International	avex-int.com
Avid Technology Group	avidtp.com
Avi Vantage	avinetworks.com
Avison Young	avisonyoung.com
Aviva UK	aviva.co.uk
Avon Products	avoncompany.com
advance venture partners	avpgrowth.com
Away	awaytravel.com
AwesomenessTV	awesomenesstv.com
Amazon RDS	aws.amazon.com
AWS	awsin.com
Société Coopérative Agricole Axereal	axereal.com
Axiom Materials,	axiommaterials.com
AXIOS Media	axios.com
Axios	axiosconsult.com
Axis Bank	axisbank.com
Ayyeka | Infrastructure IoT Standard	ayyeka.com
azeti Networks AG	azeti.net
Azimo	azimo.com
Azimo	azimo.com/en
Microsoft	azure.microsoft.com/en-gb/marketplace
Azure Power	azurepower.com
B-Secur	b-secur.com
B2W	b2wdigital.com
Babylon Health	babylonhealth.com
Back Me Up	backmeup.co.uk
Backpack	backpackbang.com
Backyard Brains	backyardbrains.com
Badger Daylighting Usa	badgerinc.com
Schwab	baeckereischwab.de
BAE Systems	baesystems.com
Baidu	baidu.com
Bain & Company	bain.com
Bain Capital Ventures baincapitalventures.com	baincapitalventures.com
Baixingwang (百姓网)	baixing.com
Balderton	balderton.com
Bon Appétit Management Company	bamco.com
Bamomas	bamomas.com
BAMTECH Media	bamtechmedia.com
Banco Nacional de México	banamex.com
Banked	banked.com
BankerBay	bankerbay.com
BankersLab	bankerslab.com
Bankia	bankia.com/en
Banking Circle	bankingcircle.com
Bantam Tools	bantamtools.com
Banyan Technology	banyantechnology.com
Baosteel Group	baosteel.com
Barnes-Jewish Hospital	barnesjewish.org
base10 partners	base10.vc
base partners	basepar.com
BASIX Krishi Samruddhi	basixindia.com/index.php?option=com_content&task=view&id=296&itemid=306
Bass Pro Shops	basspro.com
Battery Ventures	battery.com
Battlecat Oil & Gas	battlecatoil.com
Bausch Health	bauschhealth.com
BayoTech, Inc	bayotech.us
BBC	bbc.com
Compass Bank	bbvacompass.com
BCD Group	bcdgroup.com/en
BC Partner Beteiligungsberatung	bcpartners.com
BDC	bdc.ca
Business Development Bank of Canada	bdc.ca/en/pages/home.aspx
BDC Capital Corporation	bdcnewengland.com
Beatdapp	beatdapp.com
BeChunk	bechunk.com
Beckman Coulter	beckmancoulter.com
Confluent	beconfluent.com
Belkin International	belkin.com
Belkin	belkin.de
Be Motivated Today	bemotivatedtoday.com/100831
Bench	bench.co
Benchling	benchling.com
Benchmark	benchmark.com
Benesse	benesse.co.jp
BeneStream	benestream.com
BerGenBio	bergenbio.com
Reiter Affiliated Companies	berry.net
Berry Global	berryglobal.com
Bessemer Trust Company (Woodbridge, NJ)	bessemertrust.com
BEST	best-inc.com
Bettervite	bettervite.com
Betterworks, Inc	betterworks.com
BevNET.com	bevnet.com
BeVocal	bevocal.com/corporateweb
Beyond Meat	beyondmeat.com
Catalyst Fund	bfaglobal.com
Bgv Bv	bgvbv.nl
Bicycle Therapeutics	bicycletherapeutics.com
Biena Snacks	bienasnacks.com
Bigc	bigc.mx
BigCommerce	bigcommerce.com
BigRep	bigrep.com
Bike 2.0	bike2.dk
Bilfinger	bilfinger.com
BioCryst Pharmaceuticals	biocryst.com
Biogen	biogen.co.za
Biogen Inc	biogen.com
BioGeneration Ventures	biogenerationventures.com
merckgroup	biopharma.merckgroup.com
Birch Resources	birchresources.com
Bird	bird.co
Bird	birdsllc.com
Bisure	bisure.de
Bitcoiin2Gen	bitcoiin.com
Bitcoin.com	bitcoin.com
Bitcoin	bitcoin.org
Bitnami	bitnami.com
BitSight	bitsight.com
Bitso	bitso.com
BitSquare	bitsquare.io
Bitstamp	bitstamp.net
Bivio Networks	bivio.net
Biz2Credit	biz2credit.com
Bizongo	bizongo.com
BizSlate	bizslate.com
BJC HealthCare	bjc.org/default.aspx
Blackbuck	blackbuck.com
Blackburn Energy	blackburnenergy.com
BlackRock	blackrock.com
The Blackstone Group L.P.	blackstone.com
Blend	blend.com
Blink	blink.nl
Blink	blinkux.com
Blockchain Industries - Bitcoin Brothers GmbH & Co	blockchain-industries.com
Blockchain	blockchain.com
Blockdaemon	blockdaemon.com
Blockstack	blockstack.org
Peloton	blog.onepeloton.com
Microsoft Ventures	blogs.technet.com
Bloomberg	bloomberg.com
Bloomscape	bloomscape.com
Bloq	bloq.com
Blox	blox.io
Blue Apron	blueapron.com
Blue Bottle Coffee	bluebottlecoffee.com
Blued	blued.cn
bluedoor publishing	bluedoorpublishing.com
BlueJeans	bluejeans.com
blue nile day spa	blueniledayspa.in
Blue Prism Group	blueprism.com
Bluesocket	bluesocket.com
Bristol-Myers Squibb	bms.com
BMW i Ventures	bmwiventures.com
BN Ranch	bnranch.com
Bob.io	bob.io
BOB	bob.show
Bodhala	bodhala.com
Bokio	bokio.se
Boliden	boliden.com
Bolloré Logistics GIE	bollore-logistics.com
Bolloré Group	bollore.com
Bolt Biotherapeutics	boltbio.com
Bombardier	bombardier.com/en/home.html
Bona Film Group	bonafilm.cn
BondIT	bonditglobal.com
BondLink	bondlink.com
BookBub	bookbub.com
Health4U Solutions Sdn Bhd	bookdoc.com
University Book Store	bookstore.washington.edu
BorgWarner	borgwarner.com/en/default.aspx
Boston Metal	bostonmetal.com
Botkeeper	botkeeper.com
BusyOn	botmywork.com
Boundless	boundlessgeo.com
BountyJobs	bountyjobs.com
Bovie Medical	boviemedical.com
Bowne	bowne.com
Https://Fm.Box.Net	box.net
BPCE	bpce.fr
Bpifrance	bpifrance.fr
bracket capital	bracketcapital.com
Braintree	braintreepayments.com
Brammo	brammo.com
Brandix	brandix.com
Brauer Technologies	brauer.co.uk
Brave	brave.com
Braviant Holdings	braviantholdings.com
BRAVO SIERRA	bravosierra.com
Brayola	brayola.com
Brazos Midstream	brazosmidstream.com
Breeze Technologies	breeze-technologies.de
Homebrew	brew.sh
Brex	brex.com
Breyer Capital breyercapital.com	breyercapital.com
BRF Brasil	brf-global.com
Brience	brience.com
Bright.md	bright.md
Bright Health	brighthealthinc.com
Bright Health	brighthealthplan.com
BrightLoop	brightlooplearning.com
Bright Machines	brightmachines.com
BrightVolt	brightvolt.com
The Brock Group, Inc	brockgroup.com
Brokoli App Correduria de Seguros S.L	brokoliapp.com
Summerville At Oak Park Llc	brookdale.com
BrowserID	browser.id
Bombardier Recreational Products	brp.com
bluerun ventures	brv.com
Black Sesame Technologies	bst.ai
BT	btplc.com
Bubba Gump Shrimp Company	bubbagump.com
Buddy Healthcare	buddyhealthcare.com
Buffalo Automation	buffautomation.com
BuildingIQ	buildingiq.com
Buildium	buildium.com
Built In	builtin.com
Built Robotics	builtrobotics.com
Bulb	bulb.co.uk
Bulbee	bulbee.net
BulldozAIR	bulldozair.com
Bullpen Capital	bullpencap.com
Gameroom	bunch.live
Bupa	bupa.com
Burger King	burgerking.co.uk
Burger King Nederland	burgerking.nl
Buser Brasil Tecnologia LTDA	buser.com.br
Verizon Business	business.verizon.com
BuzzFeed	buzzfeed.com
Black & Veatch	bv.com/home
Bessemer Venture Partners bvp.com	bvp.com
BYD Company	bydit.com
Mason	bymason.com
ByteDance	bytedance.com
ByteLight	bytelight.com
C42 Engineering	c42.in
C4 Therapeutics	c4thera.com
Creative Artists Agency	caa.com
CAA	caanet.jp
Cabett Subsea	cabett.com
CabinetM	cabinetm.com
Cadent Therapeutics	cadenttx.com
Cainiao Logistics	cainiao.com
Cambrian Intelligence	caint.io
Caisse d'Epargne	caisse-epargne.fr
CaixaBank	caixabank.com
laCaixa.es	caixabank.es
CALA PRODUCTS	calaproduct.com
Calm	calm.com
Cambium Networks	cambiumnetworks.com
Campaign	campaignliving.com
canaan partners	canaan.com
Canaan Creative	canaan.io
Canadian Tire Corporation	canadiantire.ca
Canara Bank	canarabank.com/english/scripts/profile.aspx
Canary	canary.is
Canary	canaryusa.com
CanDyne Pump Services	candyne.com
Canopy Growth	canopygrowth.com
Canop	canopyplanet.org
Caocao Chuxing	caocaokeji.cn
Euristix	capitaassetservices.com
CapitaLand	capitaland.com
CapitalG	capitalg.com
Capria Ventures	capria.vc
CAPTRUST Financial Advisors	captrust.com
Cara Care	cara.care
Caraway	carawayhome.com
CARBON38	carbon38.com
Carbon Black	carbonblack.com
Cardinal Health	cardinalhealth.com/us/en/media/socialmedia.html
CardioFocus	cardiofocus.com
Care Allies	careallies.com
CareerFoundry	careerfoundry.com
Calzedonia Group	careers.calzedoniagroup.com
CareFusion	carefusion.com
CareStack	carestack.com
Care Zone	carezone.com
CareZone	carezone.com/home
CargoSteps	cargosteps.com
CarGurus	cargurus.com
Carmat	carmatsa.com
Carrick Capital Partners	carrickcapitalpartners.com
Carry1st	carry1st.com
Stanford - Center for Automotive Research	cars.stanford.edu
CARS24	cars24.com
Carsabi	carsabi.com
Carta	carta.com
CartCrunch	cartcrunch.com
CarTrawler	cartrawler.com
Cash Converters International	cashconverters.com
Casper	casper.com
Cassidian	cassidian.com
castle island ventures	castleisland.vc
Catalyst	catalyst.org
Catalyst	catalystb2b.com
Catalyte	catalyte.io
Catapulse	catapulse.com
Catch	catch.co
CathWorks	cath.works
Cathay Pacific Airways	cathaypacific.com/cpa/en_intl/homepage
Cazoo	cazoo.co.uk
Cazza	cazza.co
CB&I	cbi.com
Cambridge Broadband	cbnl.com
CCC Ukraine	ccc.eu
CCP	ccpgames.com
Hikvision	cctvhikvision.center
CDNetworks	cdnetworks.com
CDPQ	cdpq.com
CDW	cdw.com
Cebix	cebix.com
CECport	cecport.com
UC CEIN	cein.ucla.edu/new
Celanese	celanese.com
Celgene	celgene.de
Cella Energy	cellaenergy.com
CellGate	cellgate.com
Cellular Dynamics International	cellulardynamics.com
Celularity	celularity.com
Centauri Health Solutions	centaurihs.com
Centrexion	centrexion.com
Compañía Española de Petróleos	cepsa.com
Cepton Technologies	cepton.com
Ceros	ceros.com
CertChain	certchain.io
Certus Manufacturing	certusmfg.com
CFAO GROUP	cfaogroup.com
Crompton Greaves	cgglobal.com
Chainalysis	chainalysis.com
Chai Point	chaipoint.com
Challenge gov	challenge.gov
change ventures	changeventures.com
ChannelWave	channelwave.com
Check Point Software Technologies	checkpoint.com
Checkr	checkr.com
Chegg	chegg.com
Chetwood Financial	chetwood.co
Children's Health	childrens.com
Chime	chime.com
Chiquita Brands International	chiquita.com
Chiquita Brands International	chiquitabrands.com
ChemTech AI	chmtch.com
Choco	choco.com
Chrome River Technologies	chromeriver.com
China High Speed Transmission Equipment Group Co	chste.com
Chunghwa Telecom	cht.com.tw
CEC Entertainment	chuckecheese.com
chugin	chugin.co.jp
Industrial Bank	cib.com.cn
CIFAR	cifar.ca
Cigna	cigna.com
Ciitizen	ciitizen.com
CircleUp Growth Partners	circleup.com
Cisco Systems	cisco.com
CISCO	ciscocollect.com
Cision	cision.com
CIT Group	cit.com
CITI	citi.co.uk
CITIC Heavy Industries Company	citic-hic.com
Citrix Systems	citrix.com
Civic	civic.com
CKE Restaurants	ckr.com
CL3VER	cl3ver.com
CLARA analytics	claraanalytics.com
CLARA	claraswisstech.com
ClassPass	classpass.com
Clear	clear.bio
Clear2Pay	clear2pay.com
Clearcover	clearcover.com
Clear Creek Midstream	clearcreekmidstream.com
Clear Labs	clearlabs.com
Clece	clece.es
Clever Care Health Plan	clevercarehealthplan.com
Clio	clio.com
Closed Loop Partners	closedlooppartners.com
CloudBees	cloudbees.com
CloudCar	cloudcar.com
Cisco Cloudlock	cloudlock.com
Clover Imaging Group	cloverimaging.com
Continental Resources Inc/OK	clr.com
CLR Facility Services Pvt.	clrservices.com
Clubhouse Software	clubhouse.io
China Minsheng Banking	cmbc.com.cn
China Merchants Bank	cmbchina.com
CMC Inc	cmcinc.cn
Allsteel	cms.allsteeloffice.com
Consultor De Ti	cmseducation.org
Cloud Native Computing Foundation (CNCF)	cncf.io
CNH INDUSTRIAL N.V	cnhindustrial.com
Cable News Network	cnn.com
Carbon Analytics	co2analytics.com
Coatue Management	coatue.com
Coca-Cola Company	coca-colacompany.com
Coda	coda.io
Circle Products	coffeecircle.com
Cogentus Pharmaceuticals	cogentus.net
CoinList	coinlist.co
Colgate Energy	colgateenergy.com
Collaborative Fund	collaborativefund.com
Collective Health	collectivehealth.com
DTZ Barry	colliers.com
Cologix	cologix.com
Colopl Next	coloplnext.co.jp/en
QD Vision	coloriq.com
Colruyt Group	colruytgroup.com
Comcast Ventures	comcastventures.com
Comexposium	comexposium.com
Common Grounds	commongrounds.co
Commonwealth	commonwealthfg.com
Comodule	comodule.com
Compal Electronics	compal.com
Nexon	company.nexon.co.jp
Wattpad	company.wattpad.com
Compass Group North America	compass-usa.com
Compass	compass.com
COMPUTERLINKS	computerlinks.com
Confluent	confluent.io
Conformal Medical	conformalmedical.com
Conifer Health Solutions	coniferhealth.com
Conifex Timber	conifex.com
Connect Homes	connect-homes.com
ConnectEDU	connectedu.com
Connexeo	connexeo.com
ConocoPhillips	conocophillips.com
Constellation Pharmaceuticals	constellationpharma.com
Construction Robotics	construction-robotics.com
Dell OEM	content.dell.com/us/en/enterprise/oem-industry-solutions
Content Raven	contentraven.com
Contentsquare	contentsquare.com
Contorion	contorion.de
Contrast Security	contrastsecurity.com
ControlRad	controlrad.com
Conversion Capital	conversioncapital.com
Conversion Labs	conversionlabs.com
Convoy	convoy.com
Cooks Venture	cooksventure.com
CoolaData	cooladata.com
Copersucar	copersucar.com.br
Cora	cora.life
Coraid	coraid.com
CO.RA.	coraitaly.net
Coresite	coresite.com
Corigin Ventures	corigin.com
Coriolis Networks	coriolisnetworks.com
GREE	corp.gree.net/global
Mode Media	corp.mode.com
CORPORATION BANK	corpbank.com
ABOUT YOU	corporate.aboutyou.de
Comcast Corp	corporate.comcast.com
QVC	corporate.qvc.com
Cortica	cortica.com
Cortilia	cortilia.it
Cosine Additive	cosineadditive.com
Costa	costa.co.uk
CoStar	costar.com
Costco Wholesale Corp	costco.com
Cotton Way	cotton-way.ru
Couchbase	couchbase.com
Alimentation Couche-Tard	couche-tard.com
Covéa	covea.eu
CoverGirl	covergirl.com
CoverMyMeds	covermymeds.com
Cowboy Ventures cowboy.vc	cowboy.vc
Cowlar	cowlar.com
Coya	coya.com
CPC	cpc.com.tw
CPI Property Group	cpipg.com
Cradlepoint	cradlepoint.com
C. R. Bard	crbard.com
Cowboy Ventures	createbiz.com
Creative Destruction Lab	creativedestructionlab.com
Creator	creator.rest
creditas	creditas.cz
Credit Karma	creditkarma.com
Credo (Semiconductor)	credosemi.com
cred	credpr.com
Crehana	crehana.com
Critical Therapeutics,Inc.	criticaltherapeutics.com
CropX	cropx.com
Crossover Health	crossoverhealth.com
CrowdStreet	crowdstreet.com
CrowdStrike	crowdstrike.com
Crown Holdings	crowncork.com
Crunchbase 	crunchbase.com
crunchbase	crunchbase.com/organization/carvoyant
Charles River VC	crv.com
CRV	crv4all.com
Crypto Valley Association	cryptovalley.swiss
CSN Stores	csnstores.com
CST Brands	cstbrands.com
CST Brands	cstbrands.com/en-us
Support Legal Limited	csupportlimited.com
CTI BioPharma	ctibiopharma.com
China Taiping Insurance	ctih.cntaiping.com
CTT - Correios de Portugal	ctt.pt
Cue Ball Capital	cueball.com
Cue Ball	cueballdigital.com/home.htm
Cue Health	cuehealth.com
Cultivian Sandbox	cultiviansbx.com
Cummins Inc	cummins.com
Cummins	cumminsengines.com
Cumulus Networks	cumulusnetworks.com
Curaleaf	curaleaf.com
CureVac	curevac.com
Customer.io	customer.io
CVC Capital Partners	cvc.com
CVS Health	cvshealth.com
CyActive	cyactive.com
CyberDirekt	cyberdirekt.de
Cybereason	cybereason.com
Cyberhaven	cyberhaven.io
CycleBar Franchise	cyclebar.com
Cydan	cydanco.com
China Yuchai Internationa	cyilimited.com
Cylance	cylance.com
CyOptics	cyoptics.com
Cyrela Brazil Realty	cyrela.com.br
Cyrus Capital Partners	cyruscapital.com
Cytori Therapeutics	cytori.com
Dabur India	dabur.com
DAF Trucks N.V.	daf.com
The Dai-Ichi Life Insurance Company	dai-ichi-life.co.jp
DAMCO	damco.com
Bank Danamon Indonesia	danamon.co.id
Danke Apartment	dankegongyu.com
Daojia	daojia.com.cn
Darktrace	darktrace.com
Dash Radio	dashradio.com
DataCert	datacert.com
Data Collective	datacollective.org
Datadog	datadoghq.com
Datalogix	datalogix.com
Dataminr	dataminr.com
Data Point Capital	datapointcapital.com
Data Technology	datatechnology.co.uk
DaVita Inc	davita.com
day one ventures	dayoneventures.co
DayOne Ventures	dayoneventures.com
State of Hawaii, Department of Business, Economic Development & Tourism	dbedt.hawaii.gov
Duobaoyu Insurance	dby.cn
Digital Currency Group	dcg.co
DCT (Data Concept Technology)	dct.nl
DCT	dctl.com
Data Collective	dcvc.com
Shanghai Gsuo Information Technology Co.	ddmap.com
Dealstreet	dealstreet.ca
Decibel	decibel.com
Deep Genomics, Inc	deepgenomics.com
Deepomatic	deepomatic.com
U.S. Department of Defense	defense.gov
Deliv	deliv.co
Dell Corporation	dell.com
Dell	dell.se
Dell Technologies	delltechnologies.com
Deloitte	deloitte.com
Delphix	delphix.com
DeMentid Apps	dementidapps.blogspot.in
Demisto	demisto.com
Density	density.io
dentalcorp	dentalcorp.ca
DePuy Synthes	depuysynthes.com
Deutsche Post	deutschepost.de
DevicePilot	devicepilot.com
Devoted Health	devoted.com
Defense Finance and Accounting Service	dfas.mil
Triple W Japan Inc	dfree.biz
DG Lab Fund	dglab.com/en
Dewan Housing Finance	dhfl.com
Diablo Technologies	diablo-technologies.com
Hari Krishna Exports	diamondbyhk.com
Diamond Foundry	diamondfoundry.com
Dianrong	dianrong.com/en
DIBOTICS	dibotics.com
Exceed	dictionary.cambridge.org
Dictionary.com	dictionary.com
didi	didi.cm
Didi Fashion	didi.nl
Didi Chuxing	didichuxing.com
Diebold Nixdorf Technology	dieboldnixdorf.com
DiffBlue	diffblue.com
DigiLens	digilens.com
Digital H2O	digitalh2o.com
DigitalOcean	digitalocean.com
Orange Digital Ventures	digitalventures.orange.com
Dimebox	dimebox.com
DipJar	dipjar.com
Disease Diagnostic Group	diseasediagnostic.com
Disqus	disqus.com
Disruptor Beam	disruptorbeam.com
Distran	distran.ch
DKV EURO SERVICE GmbH + Co.	dkv-euroservice.com
D-Mart	dmartindia.com
Daily Mail and General Trust	dmgt.co.uk
Dun & Bradstreet	dnb.com
DNV GL	dnvgl.com
Docker	docker.com
DocSynk	docsynk.com
Doctor On Demand	doctorondemand.com
DocuSign	docusign.com
Doherty Enterprises	dohertyinc.com
Dollar General	dollargeneral.com
Dollar Shave Club	dollarshaveclub.com
Donuts	donuts.domains
DoorDash	doordash.com
Dorel Industries	dorel.com/eng
U.S. Department of Transportation	dot.gov
Dote Shopping	doteshopping.com
Double Robotics	doublerobotics.com
Drafted	drafted.us
DraftKings	draftkings.com
Dragos	dragos.com
Draper Esprit	draperesprit.com
dr. consulta	drconsulta.com
DreamQuark SAS	dreamquark.com
Dremio Corporation	dremio.com
Driivz	driivz.com
drive capital	drivecapital.com
DriveLine Holdings	drivelineretail.com
DriveNets	drivenets.com
Drizly	drizly.com
Asylon Incorporated	dronecore.us
Dropbox	dropbox.com
Druva	druva.com
Drylock Technologies	drylocktechnologies.com
Cool Logistics	dssmithpackagingeurope.com/c/cool-logistics/home
DST Global	dst-global.com
DSV Solutions	dsv.com
Duck Creek Technologies	duckcreek.com
Duo Security	duo.com
Duolingo	duolingo.com
Dura Automotive	duraauto.com
DUST Identity	dustidentity.com
Du Xiaoman Financial	duxiaoman.com
D-Wave Systems	dwavesys.com
Department For Work And Pensions (Dwp)	dwp.gov.uk
Traffic Director	dyn.com
DynamiCare Health	dynamicarehealth.com
DZ Bank	dzbank.com
Chongqing New Dazheng Property Group Co.,Ltd.	dzwy.com
E-Duction	e-duction.com
E2open	e2open.com
Eargo	eargo.com
Earthdas	earthdas.com
easyJet	easyjet.com
EasyJet	easyjet.com/de
Jack's Family Restaurants	eatatjacks.com
Cala	eatcala.com
EATON Sweden	eaton.se
Eaze	eaze.com
Banma Technologies Co.	ebanma.com
eBay	ebay.com
Ebizu	ebizu.com
Eclipse BIRT	eclipse.org
eclipse ventures, llc	eclipse.vc
Eclipse	eclipsead.com
Eco-Site	eco-site.com
Ecoheart	ecoheart.sk/en
ecoligo	ecoligo.com
Econic Technologies	econic-technologies.com
Econocom	econocom.com
Ecoppia	ecoppia.com
Ecological Service Partners	ecoservicepartners.com
EcoVadis	ecovadis.com
ecovec	ecovec.com
Ecozen	ecozensolutions.com
Ecwid	ecwid.com
Edifier	edifier.com
Edison Int'l	edison.com
Edison	edison.tech
edison partners	edisonpartners.com
Edmit	edmit.me
Energias de Portugal	edp.com
Department Of Education And Early Childhood Development, Victoria, Australia	education.vic.gov.au
eero	eero.com
EF Education	ef.edu
Egnyte	egnyte.com
Expert Global Solutions	egscorp.com
Ekkono Solutions	ekkono.ai
Elafris	elafris.com
Eland Development	eland.co.kr
Eland Oil & Gas	elandoilandgas.com
Elbit Systems	elbitsystems.com
Estée Lauder Companies	elcompanies.com
Eldridge Industries	eldridge.com
Element Materials Technology	element.com
Element AI	elementai.com
Element	elementmktg.com
Elementum	elementum.com
Elrond	elrond.com
EMAGIN	emagin.ca
Embibe	embibe.com
Embodied	embodied.me
SMARTS	emc.com/it-management/smarts/index.htm
emergence capital	emcap.com
Emcure Pharmaceuticals	emcure.co.in
Emerald Cloud Lab	emeraldcloudlab.com
Emirates	emirates.com
Emkay	emkay.com
EMnify	emnify.com
Emochila	emochila.com
eMoov	emoov.co.uk
eMotorWerks	emotorwerks.com
eMovements	emovements.de
Empire Angels	empireangels.com
Empire Flippers	empireflippers.com
Beijing Hualian Group	en.beijing-hualian.com
CCR	en.grupoccr.com.br
Solvionic	en.solvionic.com
Weigao Group	en.weigaogroup.com
CAR	en.zuche.com
BEAD Technology	enbead.com
Google	encrypted-tbn0.gstatic.com
Endeavor	endeavor.org
Endeavor	endeavorco.com
EndoGastric Solutions	endogastricsolutions.com
Endosense	endosense.com
Endurance Technologies	endurancegroup.com
Energetic Insurance	energeticinsurance.com
US Department of Energy	energy.gov
The Engine	engine.xyz
Engine Yard	engineyard.com
Deis	engineyard.com/deis
Hyundai Heavy Industries	english.hhi.co.kr
Banca Monte dei Pashi di Siena	english.mps.it
Enlight Renewable Energy	enlightenergy.co.il
Enovix	enovix.com
Enroute Systems	enroutecorp.com
Ensim Corporation	ensim.com
Entefy	entefy.com
entelligo	entelligo.com
Enterprise Car Sales	enterprisecarsales.com
Enterra Feed	enterrafeed.com
Entrec	entrec.com
Entrepreneurs World	entrepreneursworld.net
enVerid	enverid.com
EOC Pharma Group	eocpharma.com
E.ON	eon.com/en.html
Eon UK PLC	eonenergy.com
epiFi	epifi.com
Epigenomics	epigenomics.com
Epizyme	epizyme.com
EQT Ventures	eqtventures.com
Equitas Holdings	equitas.in
Erasca	erasca.com
Ergatta	ergatta.com
ErisX	erisx.com
eRoom Technology	eroom.com
erytech	erytech.com
Esbjerg Kommune	esbjergkommune.dk
Escale	escale.com.br
eSolar	esolar.com
e.spire Communications	espire.net
Essential	essentialpv.com
EssilorLuxottica	essilorluxottica.com
Essity	essity.com
Esso	esso.ca
Establishment Labs	establishmentlabs.com
Eurazeo	eurazeo.com
Eurest Services	eurestservices.us
EuroChem	eurochemgroup.com
Euroclear	euroclear.com
EVELO Electric Bicycles	evelo.com
Eventbrite	eventbrite.com
Evergy	evergy.com
Everlane	everlane.com
Everspin Technologies	everspin.com
EverString	everstring.com
Envision Healthcare	evhc.net
Raindance Communications	evoke.com
evok innovations	evokinnovations.com
Evonik Industries	evonik.com
Evothings	evothings.com
Exelon Corp	exeloncorp.com
Exergyn	exergyn.com
Exide Technologies	exide.com
Exoprise	exoprise.com
Expeditors	expeditors.com
Expektra	expektra.se
Experis IT Pvt	experisindia.com
Drafted	explore.drafted.us
expresscoin	expresscoin.com
Extricity	extricity.com
Exult	exult.net
EyeEm	eyeem.com
EZ-Robot	ez-robot.com
EZBOB	ezbob.com
Ezra AI	ezra.ai
Ezra Lebourgeois	ezralebourgeois.blogspot.in
Facebook	facebook.com
Fair	fair.com
FairWarning	fairwarning.com
Falcon.io	falcon.io
FanDuel	fanduel.com
Farmeron	farmeron.com
Farmers	farmers.com
Farmgirl Flowers	farmgirlflowers.com
FarmWise	farmwise.io
FarmX	farmx.co
Fast	fast.co
Fastree3D	fastree3d.com
Faurecia	faurecia.com
Favbuy	favbuy.com
FAZUA	fazua.com
FCA Venture Partners	fcavp.com
Future Energy Solutions	feslighting.com
Festicket	festicket.com
FGI Worldwide	fgiww.com
First Horizon National Corporation	fhnc.com
My Stroke Team (MyST)	fhs.mcmaster.ca/nursing/news_story146.html
FibriCheck	fibricheck.com
Fidelity Partnership 1995	fidelity.ca
Fidelity Security Group (Pty)	fidelitysecurity.co.za
Figure	figure.com
Fika Ventures	fika.vc
Filtertek	filtertek.com
Finanzcheck	finanzcheck.de
Finanzchef24	finanzchef24.de
FINANZEN	finanzen.de
Finch Buildings	finchbuildings.com
First Aid Beverages	firstaidshottherapy.com
First Light Fusion	firstlightfusion.com
First Round Capital firstround.com	firstround.com
Firstsource Group USA	firstsource.com
Firstvision	firstvision.tv
Foxconn Interconnect Technology	fit-foxconn.com
Fit.Nl	fit.nl
Fitbit	fitbit.com
FIT	fitltd.com
Five9	five9.com
FlatFrog Laboratories	flatfrog.com
Flatiron Health	flatiron.com
Flatiron	flatironapp.com
Flatiron School	flatironschool.com
FleetCor Technologies Inc	fleetcor.com
Fletcher Building	fletcherbuilding.co.nz
Flex	flex.com
FlexiDAO	flexidao.com
FlipKey	flipkey.com
Floodgate floodgate.com	floodgate.com
Flow Kana	flowkana.com
SAS FLUNCH	flunch.fr
Western Air Charter	flyjetedge.com
Ribbit	flyribbit.com
Flywheel	flywheelbi.com
Flywheel Sports	flywheelsports.com
Federal-Mogul Motorparts	fmmotorparts.com
FNA	fna.fi
Fnac Darty Group	fnacdarty.com
FNF Business Process Outsourcing Services India Private	fnfindia.in
Focus Media Holding	focusmedia.cn
K-VA-T Food Stores	foodcity.com
Forest Park Forever	forestparkforever.org
Forge	forgeglobal.com
Hims	forhims.com
FORMCEPT	formcept.com
Prefeitura Municipal de Fortaleza	fortaleza.ce.gov.br
Fortinet	fortinet.com
Fortis Healthcare	fortishealthcare.com
Fortive Corp	fortive.com
Fortune	fortune-app.com
Fortune Magazine	fortune.com
ForwardLane	forwardlane.com
FOSSA	fossa.io
Foundation Medicine	foundationmedicine.com
Founder Collective foundercollective.com	foundercollective.com
Founders Fund foundersfund.com	foundersfund.com
Foundry Group	foundrygroup.com
Fountain	fountain.com
Hon Hai Precision Industry	foxconn.com
Fox Corporation	foxcorporation.com
Formosa Petrochemical	fpcc.com.tw
F-Prime Capital	fprimecapital.com
Frame.io	frame.io
Framework Venture Partners	framework.vc
France Air	france-air.com
Frasers Property	frasersproperty.com
Fraud Sciences	fraudsciences.com
Fraugster	fraugster.com
Freddie Mac	freddiemac.com
FreeCharge	freecharge.in
FreightKart Pte.	freightkart.com
Frequency Therapeutics	frequencytx.com/index.php
FreshBooks	freshbooks.com
Freshdesk	freshdesk.com
Freshworks	freshworks.com
Front	frontapp.com
Fry's Electronics	frys.com
Full Spectrum Laser	fslaser.com
Fugro	fugro.com
Fujitsu	fujitsu.com
Fullbridge	fullbridge.com
Fullerton Healthcare Corporation	fullertonhealth.com
Funai Corporation	funai.us
Function of Beauty	functionofbeauty.com
Funding Circle	fundingcircle.com
Fungible	fungible.com
Fusion Telecommunications International	fusionconnect.com
Fyde: Security for Life	fyde.com
Game Stew	gamestewstudio.blogspot.in
Ganymed Pharmaceuticals	ganymed-pharmaceuticals.de
garage technology ventures	garage.com
GC Aesthetics	gcaesthetics.com
General Dynamics	gd.com
General Dynamics European Land Systems	gdels.com
geekdom fund	geekdomfund.com
GEICO Indemnity Company	geico.com
Gembah	gembah.com
Gemini Investments Holdings	geminiinvestments.com.hk
GE Money	gemoney.com
GenLife	gen.life
GenapSys	genapsys.com
General Catalyst	generalcatalyst.com
Generation Investment Management	generationim.com
Generation M	generationm.agency
China General Technology (Group) Holding	genertec.com.cn
GenoSpace	genospace.com
GeoCV	geocv.com
Georgian Partners	georgian.io
Georgia Power Company	georgiapower.com
GeoVisual Analytics	geovisual-analytics.com
Grupo Gepp	gepp.com.mx
Fountain	get.fountain.com
Snap	getasnap.com
Awair	getawair.com
Canopy	getcanopy.com
Cruise	getcruise.com
Adaptics	getdrop.com
Fancy Chap	getflywheel.com
Local Motion	getlocalmotion.com
Lokal	getlokalapp.com
Monument	getmonument.com
Popspots	getpopspots.com
Getrag	getrag.com
Sheltr	getsheltr.com
Vamos - The Event Guide	getvamos.com
Zash	getzash.com
gfr fund	gfrfund.com
GGV Capital	ggvc.com
GiantKONE Elevator Co.	giantkone.com
Pragma	giblib.com
GIC Re	gicofindia.com
Giles Insurance Brokers	gilesinsurance.co.uk
Ginolis	ginolis.com
GiPStech	gipstech.com
GitHub	github.com
GitLab	gitlab.com
Glassdoor	glassdoor.com
Glasswing Ventures	glasswing.vc
Glasswing	glasswingshop.com
Gleechi	gleechi.com
Glitch	glitch.com
Global Bioenergies	global-bioenergies.com
Global Savings Group	global-savings-group.com
jd	global.jd.com
Global Founders Capital	globalfounders.vc
Globality	globality.com
GlobalLogic	globallogic.com
Global Metro Networks	globalmetro.com
Global Sports Commerce	globalsportscommerce.com
Gnowbe	gnowbe.com
go-ahead	go-ahead.com
Avrio AI	goavrio.com
GoCanvas	gocanvas.com
Cheetah	gocheetah.com
GoerTek	goertek.com/en
FastPay	gofastpay.com
GoGoVan	gogovan.com.hk
Health Hero	gohealthhero.com
Gojek	gojek.com
kernel	gokernel.com
Goldbelly	goldbelly.com
Golden Ventures	golden.ventures
Golden Vale Dairies	goldenvalemilk.com
Goldman Sachs Group	goldmansachs.com
Goldman Sachs	goldmansachs.com/worldwide/germany
GoodRx	goodrx.com
Google	google.com
Goop	goop.com
GoPay	gopay.com
GoPro	gopro.com
Ubiq	goubiq.com
Gouvernement Du Québec	gouv.qc.ca
Grab	grab.com
Grab	grab.in
Gracenote	gracenote.com
AES Compassionate Care	grassrootscannabis.com
Graves & Co.	graves-co.com
GrayLog	graylog.com
graylog	graylog.org
Great-West Life	greatwestlife.com/001/home/index.htm
greatwestlifeco	greatwestlifeco.com
Green Dot Corporation	greendot.com
Greenhouse Software	greenhouse.io
greenoaks capital partners	greenoakscap.com
Greenspring	greenspringassociates.com
Greycroft Partners	greycroft.com
Greylock Partners	greylock.com
GroCurv	grocurv.com
Grotech Ventures	grotech.com
Accor	group.accor.com
Jumia Group	group.jumia.com
PhotoBox	group.photobox.com
Renault	group.renault.com/en
SoftBank Group	group.softbank
Groupon	groupon.com
Banco de Sabadell	grupbancsabadell.com
GlaxoSmithKline	gsk.com
Gilmour Space Technologies	gspacetech.com
G Squared	gsquared.com
gsr ventures	gsrventures.com
Gajah Tunggal	gt-tires.com
GTS (Global TeleSystems)	gtllimited.com/ind/index.aspx
Guardtime	guardtime.com
Chehaoduo	guazi.com
Gucci	gucci.com
GuestU	guestu.com
Guideline	guideline.com
GuideSpark	guidespark.com
Guitar Center	guitarcenter.com
gunmabank	gunmabank.co.jp
Gunung Sewu Group	gunungsewu.com
guosen	guosen.com.cn
Guvera	guvera.com
Guzman Energy	guzmanenergy.com
Google Ventures Library	gv.com
Golden Village	gv.com.sg
Bilfinger GVA	gva.co.uk
GVK Energy	gvk.com
Gympass	gympass.com
H2O.ai	h2o.ai
WaterBridge Resources	h2obridge.com
HackerRank	hackerrank.com
Hakuhodo DY Holdings	hakuhodody-holdings.co.jp
Half.com	half.com
Halt Medical	haltmedical.com
Hamilton Underwriting	hamiltongroup.com
Hammerhead Navigation	hammerhead.io
hilton	hamptoninn3.hilton.com
Hamwells	hamwells.com
Hands-On Mobile	handson.com
hanwa	hanwa.co.jp
Hanwha Engineering & Construction	hanwha.com
Hanwha Asset Management Co., Ltd	hanwhafund.co.kr
Happay	happay.in
Harbert Management Corporation	harbert.net
Harland Clarke Holdings Corp.	harlandclarke.com
harmony partners	harmonyvp.com
Harness	harness.io
harrahs	harrahs.com
Harrison Metal harrisonmetal.com	harrisonmetal.com
Harry's	harrys.com
HashChing	hashching.com.au
hatzimemos / libby	hatzimemoslibby.com
Haute Hijab	hautehijab.com
Haven	haveninc.com
Haven Money	havenmoney.com
Hawkers Co	hawkersco.com
Home Box Office	hbo.com
Harvard Business Review	hbr.org
Health Care Service Corporation	hcsc.com
Housing and Development Board	hdb.gov.sg
HawkEye 360	he360.com
Headlight AI	headlight.ai
Headspace	headspace.com
HeadSpin	headspin.io
Healthetreatment	healthetreatment.com
HCA - HealthONE	healthonecares.com
HealthPocket	healthpocket.com
healthy ventures	healthy.vc
HealthyRoad	healthyroad.pt
Heap	heap.io
Area4 Labs Inc	hear.by
HeartFlow	heartflow.com
HeavenHR	heavenhr.com
Heili	heilihq.com
heinz	heinz.com
H.J. Heinz Supply Chain Europe B.V.	heinz.nl
Helbiz	helbiz.com
John J. Heldrich Center for Workforce Development	heldrich.rutgers.edu
Heliae Development	heliae.com
Helix	helix.com
HelixNano	helixnano.com
Helix Sleep	helixsleep.com
Clue	helloclue.com
Landing	hellolanding.com
HelloRelish	hellorelish.com
THINX	hellothinx.com
Helm	helm.global
Central Norway Regional Health Authority	helse-midt.no
Shanghai Henlius Biotech	henlius.com/en
Henry Schein, Inc	henryschein.com
Henry Schein	henryschein.com/default.aspx
HERE	here.com
hermesgpe	hermesgpe.com
Heuritech	heuritech.com
Cargotec Germany	hiab.com
HiFiBiO	hifibio.com
High Alpha	highalpha.com
Highland Europe	highlandeurope.com
Hilti Deutschland	hilti.de
Hilton Worldwide Holdings Inc	hilton.com
hiltonworldwide	hiltonworldwide.com
Hippo	hippo.com
HistoSonics	histosonics.com
Hitachi	hitachi.com
Hitachi Europe	hitachi.eu
The Hi-Tech Robotic Systemz	hitechroboticsystemz.com
HG Robotics Company Limited	hiveground.com
The Hong Kong Jockey Club	hkjc.com
Helichenguang International Culture Media (Beijing) Co.	hlcg.com.cn
Hobby Lobby Stores	hobbylobby.com
Holaluz	holaluz.com
Hollard Holdings (Pty)	hollard.co.za
HolodeckVR	holodeckvr.co
BlueSnap	home.bluesnap.com
Home Agent	homeagent.com.br
Homebrew	homebrew.co
Home Credit India Finance Private	homecredit.co.in
Home Depot	homedepot.com
Homeinns Hotel Group	homeinns.com
Homelyfe	homelyfe.com
Home REIT	homereituk.com
Honda Motor	honda.com
Scottsdale Healthcare Hospitals Corporation	honorhealth.com
Hooters of America	hooters.com
Hop	hop.life
horizon capital	horizoncapital.com.ua
Hospira	hospira.com
Hospitality Net	hospitalitynet.org
HotelTonight	hoteltonight.com
Hotstar	hotstar.com
Hauz	houz.com.br
Houzz	houzz.com
Hoya Vision Care	hoyavision.com
HR Path	hr-path.com
HSBC UK Bank	hsbc.co.uk
HSBC	hsbc.com
HS Orka hf.	hsorka.is
HSTRY	hstry.co
huayu-auto	huayu-auto.com
Hubble	hubblehq.com
hugoboss	hugoboss.com
ERVE III	huispedia.nl
Hujiang Education Technologies	hujiang.com
Hindustan Unilever	hul.co.in
Huma	huma.com
Humanetics Innovative Solutions	humaneticsatd.com
Human inc.	humaninc.com
Humio	humio.com
Humon	humon.io
Hungry	hungryinc.com
Huntington Ingalls Industries	huntingtoningalls.com
Husarion	husarion.com
HutGrip	hutgrip.com
Hua Xia Bank	hxb.com.cn/home/en
Hydro-Quebec	hydroquebec.com
Hydrow, Inc	hydrow.com
HyperVerge	hyperverge.co
Hyper Wallet Systems	hyperwallet.com
iag	iag.com.au
India Brand Equity Foundation	ibef.org
IBERIA LAE	iberia.com
International Business Machines	ibm.com
ICA Sverige	ica.se
Industrial & Commercial Bank of China	icbc-ltd.com
ICEYE	iceye.com
Iconiq Capital	iconiqcapital.com
iconplc	iconplc.com
Institute for Creative Technologies	ict.usc.edu
IDACB	idacb.com
Ideo CoLab	ideocolab.com
IDEX	idex.lexisnexis.com
IDwall Technology LTDA	idwall.co
iFlytek	iflytek.com
iFood	ifood.com.br
Fraunhofer IIS	iis.fraunhofer.de/en.html
Ikanos Communications	ikanos.com
IKEA	ikea.com
ikyaglobal	ikyaglobal.com
Illumina Inc	illumina.com
ilumi	ilumi.co
Imaginamos	imaginamos.com
Imaginate Software Labs Pvt	imaginate.in
ImCheck Therapeutics	imchecktherapeutics.com
Imina Technologies SA	imina.ch
IMMOtion Group	immo.co.uk
Immunai	immunai.com
Immune Design	immunedesign.com
Immunex	immunex.com
Impact Technologies	impacttech.com
Imperial Brands	imperial-tobacco.com
Impossible Foods	impossiblefoods.com
Imprint Energy	imprintenergy.com
Improbable	improbable.io
Impulse Dynamics	impulse-dynamics.com/int
Imtech Nordic	imtech.com
InAuth	inauth.com
InBev Belgium	inbev.com
inboundli	inbound.li
InCred	incred.com
Incubate Fund	incubatefund.com
Yellow Platter LMS	indecommdigital.com
Indeed	indeed.com
Indesit	indesit.ua
Index Ventures indexventures.com	indexventures.com
India Quotient	indiaquotient.in
Indifi Technologies	indifi.com
Indigo AG	indigoag.com
Indigo Minerals	indigominerals.com
inDinero	indinero.com
Indoostrial.com	indoostrial.com
Infinite Uptime	infinite-uptime.com
InfluxData	influxdata.com
Informatics In Context	informaticsincontext.com
ingredion	ingredion.com
initialized capital	initialized.com
Inivata	inivata.com
Inkling	inkling.com
Innospark Ventures	innosparkventures.com
iNovia Capital	inovia.vc
inretail	inretail.pe
InsideView Technologies	insideview.com
Insight Data Science	insightdatascience.com
Insight	insightdmv.com
Insight Venture Partners insightpartners.com	insightpartners.com
Insolight	insolight.ch
Insomnia	insom.ch
Insomnia Cookies	insomniacookies.com
InSound Medical	insoundmedical.com
Inspirient	inspirient.com
Instabox	instabox.io
Instacart	instacart.com
Instart	instartlogic.com
Integra LifeSciences Corporation	integralife.com
Intel	intel.com
Intel Capital	intelcapital.com
IntelePeer	intelepeer.com
Intello Labs	intellolabs.com
Interactive Brokers	interactivebrokers.com
Intercom	intercom.com
interlock partners	interlock.vc
Intermolecular	intermolecular.com
Ministero Dell'Interno	interno.gov.it
InterOil Corporation	interoil.com
Interscope Records	interscope.com
Interserve	interserve.com
Intigua	intigua.com
Alipay (UK)	intl.alipay.com
Intralinks	intralinks.com
Intranets.com	intranets.com
Intudo Ventures	intudovc.com
Intuit Inc	intuit.com
InventisBio	inventisbio.com
Inveox	inveox.com
investorforce	investorforce.com
Invivo Therapeutics	invivotherapeutics.com
INZMO	inzmo.com
ioLight	iolight.co.uk
Ionis Pharmaceuticals	ionispharma.com
IonQ	ionq.co
IPCO Germany	ipco.com
iPierian	ipierian.com
Iqianbang.com	iqianbang.com
Curaleaf	ir.curaleaf.com
IRENA	irena.org
International Research Institute for Climate and Society	iri.columbia.edu
Iris.ai	iris.ai
Ironclad	ironcladapp.com
IronDome	ironnet.com
IronPlanet	ironplanet.com
iS5 Communications	is5com.com
ISB AG	isb-ag.de
International Species Information System	isis.org
iSoftStone	isoftstone.com
ispace, inc	ispace-inc.com
iSpace	ispace.com
Itochu	itochu.co.jp
Illinois Tool Works	itw.com
Ivp	ivp-group.com
Institutional Venture Partners ivp.com	ivp.com
iZettle	izettle.com
iZotope	izotope.com
j-angels	j-angels.com
Jam City	jamcity.com
JAMF Software	jamf.com
jb capital	jb-capital.com
J. B. Hunt Transport Services	jbhunt.com
JD Digits	jddglobal.com
Jenzabar	jenzabar.com
jgsummit	jgsummit.com.ph
Jordan Health Services	jhsi.com
Jibo	jibo.com
Jiemian (Shanghai) Network Technology Co.	jiemian.com
Jinggong Group Co.	jinggonggroup.com
Jinjiang Environment	jinjiang-env.com
JioSaavn	jiosaavn.com
jmi equity	jmi.com
JM Smucker	jmsmucker.com
Johnson & Johnson	jnj.com
Johnson & Johnson Innovation	jnjinnovation.com
Jinchuan Group	jnmc.com
Jobble	jobble.com
Jobcase	jobcase.com
Joby Aviation	jobyaviation.com
JOC Group	joc.com
Johnson Controls International	johnsoncontrols.com
Blink	joinblink.com
Bunch	joinbunch.com
Entrepreneur First	joinef.com
Honey	joinhoney.com
Root Insurance	joinroot.com
Jolt	joltmycar.com
AVIC Jonhon Optronic Technology	jonhon.cn
Jotun A/S	jotun.com
Joule Unlimited Technologies	jouleunlimited.com
journee	journee.com
J.P. Morgan	jpmorgan.com
JPMorgan Chase & Co	jpmorganchase.com
J.P. Morgan Securities Plc	jpmorgansecurities.com
jackson square ventures	jsv.com
JT International	jti.com
just	ju.st
Juicero	juicero.com
Jumbotail	jumbotail.com
Jumia	jumia.com
JumpCrew	jumpcrew.com
Junar, Inc	junar.com
Jungheinrich	jungheinrich.de
Juniper Square	junipersquare.com
JustFab	justfab.com
Justworks	justworks.com
JUUL	juullabs.com
K1 Investment Management	k1capital.com
Kaarta	kaarta.com
Kabel Deutschland Vertrieb und Service	kabeldeutschland.de
kabuku	kabuku.co.jp/en
Kado	kado.tech
kaiam	kaiam.com
Kaiku Health	kaikuhealth.com
kaisagroup	kaisagroup.com
Kakao	kakaocorp.com
KaszeK Ventures	kaszek.com
Kateeva	kateeva.com
Katerra	katerra.com
KATHREIN-Werke	kathrein.com
Ewing Marion Kauffman Foundation	kauffman.org
Kaynak Holding	kaynak.com.tr
Kazzinc	kazzinc.com/en
KB Financial Group	kbfg.com
kb partners	kbpartners.com
KDDI	kddi.com
Keelvar	keelvar.com
KeepTruckin	keeptruckin.com
Hisense Home Appliances Group	kelon.com
kencko	kencko.com
Kernel	kernel.co
Linux Kernel Organization	kernel.org
KeyCDN	keycdn.com
Keymetrics	keymetrics.io
KeyReply	keyreply.com
KFC	kfc.com
KFund	kfund.co
k fund	kfund.vc
KGS Buildings	kgsbuildings.com
Khan Academy	khanacademy.org
Khoros Care	khoros.com
Khosla Impact	khoslaimpact.com
Khosla Ventures 783M	khoslaventures.com
Kickstarter	kickstarter.com
Kickstart Seed Fund	kickstartseedfund.com
Kide Science	kidescience.com
Kinstral	kinestral.com
Kinetic Worldwide	kineticww.com
Kineto Wireless	kineto.com
Suzhou Kintor Pharmaceuticals	kintor.com.cn
Kistler Instrumente AG	kistler.com
Kitt.ai	kitt.ai
Kohlberg Kravis Roberts	kkr.com
Klarna	klarna.com
Klaviyo	klaviyo.com
Kleiner Perkins	kleinerperkins.com
klk	klk.com.my
klm	klm.com
TimelineJS	knightlab.northwestern.edu
Knock	knock.co
Knock	knockcrm.com
Knotel	knotel.com
KNOT Offshore Partners	knotoffshorepartners.com
KnowBe4	knowbe4.com
Knowi	knowi.com
Knowledge Universe	knowledgeuniversecareers.com
Kobo360	kobo360.com
Kuwait Oil Company	kockw.com
Kohl’s	kohlscorporation.com
Kontakt.io	kontakt.io
koreanair	koreanair.com
Korres	korres.com/en/home
KOS Group	kosgroup.com
KO Transmission	kotransmission.com
Kovi	kovi.com.br
Kovio	kovio.com
Kovrr	kovrr.com
KraussMaffei	kraussmaffei.com
Kreditech	kreditech.com
krispykreme	krispykreme.com
KSQ Therapeutics	ksqtx.com
Kushki	kushkipagos.com
Kuznech	kuznech.com
kyber	kyber.network
Kyocera Communications	kyoceramobile.com
Kentucky Science Center	kysciencecenter.org
Kyushu Electric Power	kyuden.co.jp/en
Deutsche Telekom Labs	laboratories.telekom.com
Ladder	ladderlife.com
Lamar Advertising Company	lamar.com
Lampenwelt.de	lampenwelt.de
Landmark Health	landmarkhealth.org
Lapetus Solutions	lapetussolutions.com
Los Angeles County Sheriff's Department	lasd.org
Lattice	lattice.com
latticepower	latticepower.com
LAUNCH	launch.co
launch circular	launch.org
LAUNCH	launchchi.com
LaunchDarkly	launchdarkly.com
Studio Privato	lauraderubeis.it
Laurentian Bank of Canada	laurentianbank.ca
Laurus Labs	lauruslabs.com
LavaMap	lavamap.com
LAVCA	lavca.org
LDK Solar Co., Ltd	ldksolar.com
Lead Edge Capital	leadedgecapital.com
leaders fund	leaders-fund.com
LeadSquared	leadsquared.com
Leafly	leafly.com
LEAF Commercial Capital	leafnow.com
LeanDNA	leandna.com
Leap Club	leapclub.in
Leapcraft	leapcraft.dk
Learning To Sleep	learningtosleep.se
LearnZillion	learnzillion.com
LEC	lecinc.com
LeCloud	lecloud.com
Ledger	ledger.fr
Westlaw	legal.thomsonreuters.com
Legal & General	legalandgeneral.com
Legend Biotech	legendbiotech.com
Lehman Brothers	lehman.com
lemnos	lemnos.vc
Lemonade	lemonade.com
Lendbuzz	lendbuzz.com
Lennar Corporation	lennar.com
Leonardo Helicopters	leonardocompany.com
Lerer Hippeau Ventures	lererhippeau.com
Lestis Private Capital Group	lestispcg.com
Leuko Labs	leuko.io
Level Equity	levelequity.com
Level Four Software	levelfour.com
Lever	lever.co
Leverton	leverton.ai
lewisgroup	lewisgroup.co.za
LexaTexer	lexatexer.com
LG Electronics	lg.com
lg	lg.com.br
LG Chem	lgchem.com/global/main
Lime	li.me/about-us
Liberty Oilfield Services	libertyfrac.com
FC USA	libertytravel.com
Licaifan	licaifan.com
liepin	liepin.com
LifeWorks	lifeworks.com
Liftango	liftango.com
Liftit	liftit.co
Lightpoint Medical	lightpointmedical.com
Learning Innovations Laboratory	lila.pz.harvard.edu
linesider	linesider.net
LINK3D	link3d.co
Linkable Networks	linkablenetworks.com
LinkedIn	linkedin.com
LinkMySport	linkmysport.com
Linquet	linquet.com
Lion Capital	lioncapital.com
Liqid	liqid.de
Liquid Global	liquid.com
Liquidia Technologies	liquidia.com
Listia	listia.com
Litmus	litmus.com
LiveIntent	liveintent.com
Live Mint	livemint.com
LiveNation	livenation.com
Live Nation SAS	livenation.fr
Livestream	livestream.com
livestyled	livestyled.com
Lixiang	lixiang.com
lixil	lixil.com
Lloyds Banking Group	lloydsbankinggroup.com
Loadshare	loadshare.net
Lobster	lobster.media
Local Motors	localmotors.com
Krispy Kreme Doughnut Corporation	locations.krispykreme.com
Lockton	lockton.com
LocoRobo	locorobo.co
lodhagroup	lodhagroup.com
Loft	loft.com
Loft	loftseries.com
Loggi	loggi.com
Stanford Logic Group	logic.stanford.edu
LOGOS India	logosindia.com
LOLIWARE	loliware.com
Lombardi Software	lombardi.com
Lone Pine Capital	lonepinecapital.com
LOOP NOW	loopline-systems.com
Lorica Employee Benefits	lorica.com
VA Greater Los Angeles Healthcare System	losangeles.va.gov
lottechem	lottechem.my
Lotus Development Corporation	lotus.com
Lowe	loweriserpod.co.uk
Lowe's Cos	lowes.com
Shanghai Lili & Beauty Cosmetics Co.	lrlz.com
LSQ Funding Group	lsq.com
Luca Technologies	lucatechnologies.com
Lucid Motors	lucidmotors.com
Lucidworks	lucidworks.com
Ludlow Ventures	ludlowventures.com
Lufthansa	lufthansa.com
LuggageHero	luggagehero.com
Lumia Capital	lumiacapital.com
Lumiata	lumiata.com
Luminar Ventures	luminarventures.com
Lumira Capital	lumiraventures.com
Lumos Networks Corporation	lumosnetworks.com
lunch partners	lunchpartners.co
L E Lundbergforetagen	lundbergs.se
lvl5	lvl5.ai
Lyft	lyft.com
nea	lyftdon.nea.se
Lyra Therapeutics	lyratherapeutics.com
M SQUARE	m-s-q.com
Valeo	m.valeo.com
Motif FoodWorks	madewithmotif.com
Madrona Venture Group madrona.com	madrona.com
Mafengwo	mafengwo.cn
Maanshan Iron and Steel	magang.com.hk
magazineluiza	magazineluiza.com.br
Magento Commerce	magento.com
Magento	magentocommerce.com
Magic	magic.link
Magic Leap	magicleap.com
MAGMENT UG	magment.de
Magna Steyr	magnasteyr.com/capabilities/vehicle-engineering-contract-manufacturing
Filia Maif	maif.fr
Maihaoche	maihaoche.com
Mainstream Renewable Power	mainstreamrp.com
Makita USA	makitatools.com
Mall Parking	mallparking.cn
MapR Technologies	mapr.com
Mapwize	mapwize.io
Marathon Oil Corp	marathonoil.com
Marathon Petroleum	marathonpetroleum.com
Marriott Int'l	marriott.com
Mars	mars.com
Masergy	masergy.com
MassChallenge	masschallenge.org
MASSLESS	massless.io
massmart	massmart.co.za
MassMutual Ventures	massmutualventures.com
MassRobotics	massrobotics.org
MasterCard	mastercard.com
The MasterCard Foundation	mastercardfdn.org
MasterClass	masterclass.com
PT Matahari Department Store Tbk	matahari.co.id
matchstick ventures	matchstickventures.com
Matic Insurance	maticinsurance.com
Matrimony.com	matrimony.com
Matrix Partners	matrixpartners.com
MatterFab	matterfab.com
Mattermost	mattermost.com
Matterport	matterport.com
Maven Machines	mavenmachines.com
maveron llc	maveron.com
MAX - Metro Africa Express	max.ng
Maxeda	maxeda.nl/en
Maxwell Health	maxwellhealth.com
Mayfield Companies	mayfield.com
May Mobility	maymobility.com
Maze Therapeutics	mazetx.com
McCormick & Co	mccormickcorporation.com
McKinsey	mckinsey.com
McKinsey & Company	mckinsey.de
mclaneco	mclaneco.com
McLarens	mclarens.com
mCube MEMS	mcubemems.com
MeMed	me-med.com
Mechanica AI	mechanica.ai
Medable	medable.com
Medco Health Solutions	medco.com
Medco Health Solutions	medcohealth.com
EVault	media.seagate.com/intelligent
Medicus AI	medicus.ai
Medium	medium.com
MedPlus Health Services Pvt.	medplusindia.com
Angee Technologies Ltd	meetangee.com
Meetrics	meetrics.com
Viva Labs	meetviva.com
MEGVII	megvii.com
Meituan Dianping	meituan.com
Mendix	mendix.com
Menlo Ventures	menloventures.com
Mentor Graphics	mentor.com
Merantix	merantix.com
Merck	merck.de
Merck Pte.	merckgroup.com
Mercury Fund	mercuryfund.com
Mercy Health	mercy.com
Meritech	meritechcapital.com
Meritech	meritechinc.com
merlinentertainments	merlinentertainments.biz
Merriam-Webster	merriam-webster.com
Meshcloud	meshcloud.io
Metapath	metapath.cbcb.umd.edu
metavention	metavention.com
MetLife Inc	metlife.com
Metro Group of Hospitals	metrohospitals.com
METSO	metso.com
Mevion Medical Systems	mevion.com
Cornell Computational Synthesis Lab	mezeylab.cb.bscb.cornell.edu
MFX Services	mfxservices.com
Mitsubishi Hitachi Power Systems	mhps.com
Xiaomi	mi.com
Miami-Dade Fire Rescue	miamidade.gov/fire
Mibanco	mibanco.com.pe
Microf	microf.com
micromaxinfo	micromaxinfo.com
micropsi industries	micropsi-industries.com
Microsoft	microsoft.com
Microvast	microvast.com
MicroVision	microvision.com
midcoastpartners	midcoastpartners.com
Mighty Buildings	mightybuildings.com
MightyHive	mightyhive.com
MiiR	miir.com
Milvus Robotics	milvusrobotics.com
SWH Mimi's Cafe	mimiscafe.com
Mind Your Fleet	mindyourfleet.com
Ministerio De Educación Del Perú - Minedu	minedu.gob.pe
MineSense Technologies	minesense.com
miniclip	miniclip.com
Minima Processor	minimaprocessor.com
MiningLamp	mininglamp.com
Mirae Asset Global Investments	miraeasset.com/main.html
MIRAISENS	miraisens.com
Miro	miro.com
MirroCool	mirrocool.com
Mirror	mirror.co
Misfits Market	misfitsmarket.com
Misfit Wearables	misfitwearables.com
Massachusetts Institute of Technology	mit.edu
MIT Museum	mitmuseum.mit.edu
Mitralign	mitralign.com
Mitsubishi Motors North America	mitsubishicars.com
Merrill Lynch	ml.com
ML6	ml6.eu
M*Modal	mmodal.com
Minnesota.gov	mn.gov/portal
Mobilitie	mobilitie.com
MobilityInsight	mobilityinsight.net
Modern Fertility	modernfertility.com
modum	modum.io
MOF Technologies	moftechnologies.com
ViZix	mojix.com
Mojo Networks	mojonetworks.com
Molekule	molekule.com
Molson Coors Brewing Company	molsoncoors.com
Monashees	monashees.com.br
MongoDB	mongodb.com
Montefiore Health System	montefiore.org
Monteris Medical	monteris.com
Moodnode	moodnode.com
Moodstocks	moodstocks.com
Morgan Stanley	morganstanley.com
Morningstar, Inc	morningstar.com
morphics	morphics.com
MORPHOTEK INC.	morphotek.com
Mos	mos.com
Mosaic Ventures	mosaicventures.com
MOV.AI	mov.ai
Movebubble	movebubble.com
Movida	movida.in
MoviePass	moviepass.com
MowBotix	mowbotix.com
MOWEA	mowea.world
Moz	moz.com
Mozilla	mozilla.com
Mozilla Corporation	mozilla.org
Metaldyne Performance Group	mpgdriven.com
Max Planck Institute for Biophysical Chemistry	mpibpc.mpg.de/en
Mobile Premier League (MPL)	mpl.live
MPowered Entrepreneurship	mpowered.umich.edu
MRX Global Holding Corporation	mrx.com
Mitsui Sumitomo Insurance Co.	ms-ins.com
MSD Pharma (Singapore) Pte.	msd-singapore.com
Mitsui Sumitomo Marine Management (U.S.A.)	msigusa.com
msouth equity partners	msouth.com
Juns' Studio	mtjunstudio.blogspot.in
Millennium Technology Value Partners	mtvlp.com
Mu Sigma	mu-sigma.com
MuleSoft	mulesoft.com
Murugappa Group	murugappa.com
Musim Mas Group	musimmas.com
Must See India	mustseeindia.com
Mutual Mobile	mutualmobile.com
manhattan venture partners	mvp.vc
Shanghai Pujing Information Technology Co.	mwee.cn
MeadWestvaco	mwv.com
MX3D	mx3d.com
MX Player	mxplayer.in
Binx Health	mybinxhealth.com
Chongchong	mychongchong.com
MyClean	myclean.com
Grande Communications Networks	mygrande.com
Insulet	myomnipod.com
Torch	mytorch.com
OmniSocial Learning	mzinga.com
Severstal Dearborn	na.severstal.com
daniel chavez moran	naacp.org
Naadam	naadam.co
nadelgussman	nadelgussman.com
Nalu Real Estate Agent In India, Bangalore	naluconsultant.blogspot.in
NanoH2O	nanoh2o.com
The NanoSteel Company	nanosteelco.com
Naomicsoft	naomicsoft.blogspot.in
The Narayana Group	narayanagroup.com
Naspers	naspers.com
Nasuni	nasuni.com
National Bank	natlbank.com
NavCom Technologies	navcomtech.com
Naventik	naventik.de
NavInfo	navinfo.com
Navistar Defense	navistardefense.com
Royal Australian Navy	navy.gov.au
Navy Federal Credit Union	navyfederal.org
Naya Health	nayahealth.co
naya ventures	nayaventures.com
Naytev	naytev.com
nbc	nbc.ca
NBCUniversal Media	nbc.com
NBC News	nbcnews.com
National Center for Super computing Applications	ncsa.illinois.edu
New Enterprise Associates	nea.com
Neighbor	neighbor.me
Nektria	nektria.com
Nel Hydrogen	nelhydrogen.com
Nene Commissioning Community Interest Company	neneccg.nhs.uk
Nervtech	nervtech.com
Nesma & Partners	nesma-partners.com
Nest Labs	nest.com
Nestlé	nestle.com
Nest Wealth	nestwealth.com
NetCapital	netcapital.com
Neterion	neterion.com
Netflix	netflix.com
NETGEAR	netgear.com
Netlify	netlify.com
NetraDyne	netradyne.com
netrake	netrake.com
Netshoes	netshoes.com.br
Netskope	netskope.com
Neural Analytics	neuralanalytics.com
Neural Pocket	neuralpocket.com
Neurimmune Holding	neurimmune.com
Neuron Soundware	neuronsw.com
NeveXN	nevexn.com
New Century Resources	newcenturyresources.com
newisys	newisys.com
New Relic	newrelic.com
News Republic	news-republic.com
MIT	news.mit.edu
Particle Media	newsbreak.com
NewsCred	newscred.com
IBM	newsroom.ibm.com
NewsWhip	newswhip.com
Newton Energy Partners	newtonenergypartners.com
NewTV	newtv.org
Nexamp	nexamp.com
Nexans Deutschland	nexans.de
Nexenta	nexenta.com
NEXESS_RFID	nexess-solutions.com
Nexicore Services	nexicore.com
NexPlanar	nexplanar.com
Next47	next47.com
NextCapital Group	nextcapital.com
Next Coast Ventures	nextcoastventures.com
NextEra Energy	nexteraenergy.com
nextplc	nextplc.co.uk
NextShift Robotics	nextshiftrobotics.com
NextUser	nextuser.com
NextView Ventures	nextviewventures.com
Nexus Venture Partners	nexusvp.com
Nezasa	nezasa.com
NFON	nfon.com
Nfx Guild	nfx.com
NH Hotel Group	nh-hoteles.es
Nice Tuan	nicetuan.net
Nightbalance	nightbalance.com
Nightstar	nightstartx.com
Night Zookeeper	nightzookeeper.com
National Institutes of Health	nih.gov
NIIT (USA)	niit.com
Nike	nike.com
Ninja Blocks	ninjablocks.com
Nixon	nixon.com/ot/en
Insight Enterprises Netherlands	nl.insight.com
nLight	nlight.net
NMS Capital Advisors	nms-capital.com
noblegen	noblegen.com
nohlatherapeutics	nohlatherapeutics.com
Nok Nok Labs	noknok.com
NomNomNow Inc	nomnomnow.com
nomura	nomura.co.jp
Noodles & Company	noodles.com
NordicNinja	nordicninja.vc
NorgesGruppen	norgesgruppen.no
North Shore-LIJ Health System	northshorelij.com
Notarize	notarize.com
novaliq	novaliq.com
Oao Novatek	novatek.ru
novocure	novocure.com
Novo Holding	novoholding.com
Novo Holdings	novoholdings.dk
Nowi	nowi-energy.com
NowRx	nowrx.com
Public Joint-Stock Company UEC-Saturn	npo-saturn.ru
Nomura Research Institute	nri.com
NRStor	nrstor.com
Ministry Of Finance	nrw.de
Nederlandse Spoorwegen Utrecht	ns.nl/en/travellers/home
NTEU National Tertiary Education Union	nteu.org.au
NTT Data	nttdata.com
NTT DOCOMO Ventures	nttdocomo-v.com
OP Capture SDK	nuance.com
Nubank	nubank.com.br
NuCana BioMed	nucanabiomed.com
Nukona	nukona.com
Nuro	nuro.ai
nuvaira	nuvaira.com
Nuvei	nuvei.com
NuView Life Sciences	nuviewlifesciences.com
NVBOTS	nvbots.com
Norwest Venture Partners nvp.com	nvp.com
New York Health and Hospitals Corporation	nychealthandhospitals.org
Nygard International	nygard.com
Nykaa	nykaa.com
NYRIS	nyris.io
New Zealand Defence Force	nzdf.mil.nz
OANDA	oanda.com
oasis500	oasis500.com
OASIS Holding Company	oasiskwt.com
Object Video	objectvideo.com
Ochsner Health System	ochsner.org
OCI NV	oci.nl
Octopus Investments	octopusventures.com
Oculus	oculus.com
MIT OpenCourseware	ocw.mit.edu/index.htm
Odyssey Logistics & Technology	odysseylogistics.com
Offerpad	offerpad.com
Off.Grid:Electric	offgrid-electric.com
OffGridBox	offgridbox.com
Obrascon Huarte Lain Sa	ohl.es
TNL PCS	oi.com.br
OJO Labs	ojo.com
OjO	ojoelectric.com
Okan, Inc	okan.jp
Humor Rainbow	okcupid.com
Okta	okta.com
Olive	oliveai.com
Electrolux Egypt for Home Appliances	olympicgroup.com
OmbuShop	ombushop.com
Omega Grid	omegagrid.com
Ometria	ometria.com
Omio	omio.com
Omni Hotels & Resorts	omnihotels.com
OMNI Retail Group	omniretailgroup.com
OMV Petrom	omvpetrom.com/portal/01/petromcom
Onapsis	onapsis.com
ONE	one-insurance.eu
OneConnect	oneconnect.com.cn
OneDome	onedome.com
Onefootball	onefootball.com
Onegini	onegini.com
OneLogin	onelogin.com
One Medical	onemedical.com
Peloton	onepeloton.com
Onit	onit.com
RadPad	onradpad.com
Onshape	onshape.com
ONTRUCK	ontruck.com
OOCAR	oocar.com
OpCity	opcity.com
OpDemand	opdemand.com
OpenAirlines	openairlines.com
OpenFin	openfin.co
OpenX	openx.com
Ophthotech	ophthotech.com
OPPO Electronics	oppo.com
opportunity	opportunity.org
OpTier	optier.com
Optimum Asset Management	optimumam.com
OptumInsight	optum.com
Household International	optwize.com
Orascom Hotels and Development	orascomdh.com/en/business-segments/hotels.html
OrbiMed Advisors orbimed.com	orbimed.com
Orca	orca.com
Orca Security	orca.security
Orchard	orchard.com
Ordabasy Group	ordabasy.kz
Oribi	oribi.io
ORIC Pharmaceuticals	oricpharma.com
Origin	origin.io
Origin Holdings	originholdingsafrica.com
Stichting Orion - Openbaar (Voortgezet) Speciaal Onderwijs Amsterdam	orion.nl
Orion	orionfi.com
Orion Labs	orionlabs.io
Orlando Health	orlandohealth.com
Orphazyme	orphazyme.com
Oryx Vision	oryxvision.com
Osher Center for Integrative Medicine, San Francisco	osher.ucsf.edu
OTPP	otpp.com
The Ottawa Hospital	ottawahospital.on.ca
Otto Group	ottogroup.com/en
OurCrowd	ourcrowd.com
OurHouse	ourhouse.com
Ouster	ouster.io
Outcome Health	outcomehealth.com
Outlier.org	outlier.org
Outreach	outreach.io
Outrider	outrider.ai
over-haul	over-haul.com
OVO	ovo.id
Owl Rock Capital	owlrock.com
OwnerIQ	owneriq.com
OYO	oyorooms.com
OZON.ru	ozon.ru
OZY Media	ozy.com
point72 ventures	p72.vc
Pacific Biosciences	pacificbiosciences.com
Pacific Drilling	pacificdrilling.com
Pactiv	pactiv.com
PagerDuty	pagerduty.com
Paint Nite	paintnite.com
Paintzen	paintzen.com
Pakible	pakible.com
Palantir Technologies	palantir.com
Palantir	palantir.net
Palantir	palantirtech.com
Prisma	paloaltonetworks.com
Pannaway Technologies	pannaway.com
Parity Technologies	parity.io
Central Parking System	parking.com
Parle Agro	parleagro.com
Parsley Health	parsleyhealth.com
SAS Particeep	particeep.com
PathAI	pathai.com
Patreon	patreon.com
Pawoon	pawoon.com
PaxVax	paxvax.com
Payoff.com	payoff.com
PayPal	paypal.com
intuit	paytrust.intuit.com
Parsons Brinckerhoff	pbworld.com
pCloudy.com	pcloudy.com
PDFTron	pdftron.com
Peabody Energy	peabodyenergy.com
Peak	peak.ai
Peapod Digital Labs	peapod.com
Pear	pear.vc
Peek	peek.com
PeerStreet	peerstreet.com
pembertonam	pembertonam.com
Pendo Systems	pendosystems.com
Pensa	pensanetworks.com
Pensa Systems	pensasystems.com
Pentaho Business Analytics	pentaho.com
Police Officer	pentangelisgroup.com
Pepkor	pepkor.co.za
Perdoo	perdoo.com
Perdue Farms	perduefarms.com
Perfios Software Solutions	perfios.com
performa investimentos	performainvestimentos.com
PerkinElmer	perkinelmer.com
pernod-ricard	pernod-ricard.com
Perrigo	perrigo.com
Personal Genome Diagnostics (PGD)	personalgenome.com
Personalis	personalis.com
Perspyre	perspyre.com
Petrobras	petrobras.com
Pfizer Inc	pfizer.com
pfizer	pfizer.de
Procter & Gamble	pg.com
Pacific Gas and Electric Company	pge.com
Plant Gene Expression Center	pgec.berkeley.edu
pharvaris	pharvaris.com
P&H Mining	phmining.com
PHOENIX All-in-One	phoenix-all-in-one.eu/en
People's Insurance Company of China	picc.com
Pick My Solar	pickmysolar.com
Pick n Pay Stores	picknpay.co.za/store-search
Piepenbrock	piepenbrock.de
pier1	pier1.com
PiggyBee	piggybee.com
Pilgrim's Corp	pilgrimspride.com
PillPack	pillpack.com
Pine Labs	pinelabs.com
Pingup	pingup.com
Pinterest	pinterest.com
Pensions & Investments Group	pionline.com
Pipe	pipe.com
Piratenpartei	piratenpartei.de
Pirate Party	piratpartiet.se/english
PitchBook	pitchbook.org
Pitstop	pitstopconnect.com
Pi Ventures	piventures.in
Pixability	pixability.com
pixolus	pixolus.de
PizzaExpress	pizzaexpress.com
PKparis	pkparis.com
PlaceIQ	placeiq.com
Plaid	plaid.com
plaskolite	plaskolite.com
Platfora	platfora.com
PlayBuzz	playbuzz.com
Player's Health	playershealth.com
PlayVS	playvs.com
Pliant Therapeutics	pliantrx.com
Plivo	plivo.com
Plug and Play Brand & Retail	plugandplaytechcenter.com
Plugless Power solutions	pluglesspower.com
Spots	plus.google.com
Podium	podium.com
Kakao Page Corp.	podotree.com
Point72 Asset Management	point72.com
Maiden Marketing Pte. Ltd	pokkt.com
Polaris Software Lab	polaris.co.in
Polychain Capital	polychain.capital
Pon Onroerend Goed B.V.	pon.com
Pony.ai	pony.ai
Popsnap	pop-snap.blogspot.ie
Popit Medical Technologies	popit.io
Portal	portal.xyz
Portal	portalgroup.uk.com
Porter & Sail	porterandsail.com
Port of Amsterdam	portofamsterdam.com
Shanghai International Port Group	portshanghai.com.cn/en
PosiGen	posigen.com
Position Health	positionhealth.co
Post-Quantum	post-quantum.com
posti	posti.com
Postman	postman.com
Postmates	postmates.com
postrank	postrank.com
Power Corp. of Canada	powercorporation.com
PowerFin Partners	powerfinpartners.com
JLL	powersearch.jll.com
powertakeoff	powertakeoff.com
Powervault	powervault.co.uk
PPG Industries	ppg.com
PPG	ppgaerospace.com
PRA International	prainternational.com
Preferred Networks	preferred.jp
Prelude Growth Partners	preludegrowth.com
Sprint Prepaid Group	prepaid.sprint.com
Prescient	prescientco.com
Prezi	prezi.com
Pricefx	pricefx.com
Priceonomics	priceonomics.com
Primaseller	primaseller.com
Princess Cruises	princess.com
Pro-Drone	pro-drone.eu
Proactiva Medio Ambiente	proactiva.es/es/index.php
ProClinix Sports Physical Therapy Chiropractic Wellness, PLLC	proclinix.com
Procore	procore.com
Stanford Product Realization Network	productrealization.stanford.edu
ProGlove	proglove.de
Progyny	progyny.com
Proofpilot	proofpilot.com
Proofpoint Social Discover	proofpoint.com
Propel Venture Partners	propel.vc
Property Partner	propertypartner.co
prosegur	prosegur.es
Prosensa	prosensa.eu
Prospa Group LImited	prospa.com
Prosus & Naspers	prosus.com
ProtectWise	protectwise.com
Protect Your Home	protectyourhome.com
Prototribe	prototribe.io
Proximus Group Services NV	proximus.be
Promsvyazbank Public Joint-Stock Company	psbank.ru
PTV Group	ptvgroup.com
Publix Super Markets	publix.com
Pulmonx	pulmonx.com
Punch Taverns	punchtaverns.com
Pure Watercraft	purewatercraft.com
Puridify	puridify.com
Purigen Biosystems	purigenbio.com
Pratt & Whitney Canada	pwc.ca
Pioneer Natural Resources	pxd.com
PyTorch	pytorch.org
Pyxis Oncology	pyxisoncology.com
Pzartech	pzartech.com
Penzance	pzre.com
Q-Bot	q-bot.co
Q32 Bio	q32bio.com
QBE Insurance	qbe.com
QED Therapeutics	qedtx.com
Qiniu	qiniu.com
Shanghai Qingke Equipment Rental Co.	qk365.com
Giosis Pte.	qoo10.sg
Qover SA/NV	qover.me
Qatar Petroleum	qp.com.qa
Tencent	qq.com
qServe Communications	qserve.com
QUALCOMM Inc	qualcomm.com
Qualcomm Ventures	qualcommventures.com
Qualia	qualia.com
Quallaby Corporation	quallaby.com
Quantexa	quantexa.com
Quantopian	quantopian.com
QuantumBlack Visual Analytics	quantumblack.com
Quibi	quibi.com
Intuit Quickbooks	quickbooks.intuit.com
Quidnet Energy	quidnetenergy.com
Quikr	quikr.com
Quiqup	quiqup.com
Grupo Hospitalario Quirón	quironsalud.es
Quora	quora.com
Qurate Retail	qurateretailgroup.com
Qventus	qventus.com
QWANT	qwant.com
Rachio	rachio.com
Radish	radish.coop
Radiology Partners	radpartners.com
Raffles Hotels & Resorts	raffles.com
RAFI GmbH & Co.	rafi.de
Rainbird	rainbird.ai
Rallypoint Networks	rallypoint.com
Ramky Enviro Engineers	ramkyenviroengineers.com
Rank Leisure	rank.com
Rapid7	rapid7.com
Rappi	rappi.com
Rapyd	rapyd.net
RatedPower	ratedpower.com
Raytheon	raytheon.com
Royal Bank of Canada	rbc.com
Restaurant Brands International	rbi.com
The Ratnakar Bank	rblbank.com
Reaction Engines	reactionengines.co.uk
Read It Later	readitlater.com
Reali	reali.com
Realife Tech	realifetech.com
RealNames	realnames.com
Real Ventures	realventures.com
Recess	recess.io
Recruit Holdings	recruit-holdings.com
Recruit Recruit	recruitrecruit.co.uk
recruit strategic partners	recruitstrategicpartners.com
RED-C Optical Networks	red-c.com
Red Bull	redbull.com
Reddit	reddit.com
Rede Globo	redeglobo.com.br
Redfin	redfin.com
RedPoint Global	redpointglobal.com
RedPrairie	redprairie.com
red sea ventures	redseaventures.com
Reemtsma Cigarettenfabriken	reemtsma.com
Reengen	reengen.com
Regions Financial Corp	regions.com
Renewable Energy Group	reglifesciences.com
REIN	rein.ai
Relay Network	relaynetwork.com
Relay Therapeutics	relaytx.com
RELEX	relexsolutions.com
Reliance Retail	relianceretail.com
Relish	relishbox.com
Reltio	reltio.com
Remitly	remitly.com
Remoov	remoovit.com
RenewBuy	renewbuy.com
Renishaw	renishaw.com
Renova Group	renova.ru/en
Renovo Solutions	renovo1.com
RENRENDAI Business Consulting (Beijing) Co.	renrendai.com
RealtyHop	renthop.com
Republic	republic.co
rescare	rescare.com
ResearchPool	researchpool.com
Resolution Games	resolutiongames.com
resona-gr	resona-gr.co.jp
S.C. Restart Energy One S.R.L.	restartenergy.ro
RetailMeNot	retailmenot.com
RethinkDB	rethinkdb.com
Rethink Robotics	rethinkrobotics.com
Rev.com	rev.com
Revolucionadolabs	revolucionadolabs.com
Revolut	revolut.com
Revolution	revolution.com
revolution ventures	revolutionventures.com
Rev	revslo.com
Argo Medical Technologies	rewalk.com
Regional Express	rex.com.au
REX	rexhomes.com
Rexnord Corporation	rexnordcorp.com
RHEONIX, INC.	rheonix.com
RHI Magnesita	rhi-ag.com
Rhythms Netconnections	rhythms.com
Ribbit Management Company	ribbitcap.com
Richemont	richemont.com
Richter Group	richter.hu
Ridecell	ridecell.com
RideKleen	ridekleen.com
Rides	rides.com.mx
Ridge Ventures	ridge.vc
Rigel Pharmaceuticals	rigel.com
RightHand Robotics	righthandrobotics.com
Right Networks	rightnetworks.com
Rijksoverheid.nl	rijksoverheid.nl
Rimi Baltic, SIA	rimibaltic.com
Ring	ring.com
Riot Games	riotgames.com
Rippling	rippling.com
Risk Ident	riskident.com
Riskonnect	riskonnect.com
riteaid	riteaid.com
River Financial	river.com
riverwood capital	riverwoodcapital.com
Rivian	rivian.com
ro	ro.co
ROBART	robart.cc
Robert Half International	roberthalf.com
Robert Half Japan	roberthalf.jp
Robinhood	robinhood.com
Roblox	roblox.com
Roborzoid	roborzoid.com
RoBotany	robotany.ag
RockHealth	rockhealth.com
Rockley Photonics	rockleyphotonics.com
Rode Kruis	rodekruis.nl
Roggio	roggio.com.ar
Rokid	rokid.com/en
Rolls-Royce	rolls-royce.com
ROVENSO	rovenso.com
Royal Group Investments	royalgroup.sg/index.php?fx=home
Royal Navy	royalnavy.mod.uk
RRE Ventures	rre.com
RSA	rsa.com
Russian Towers	rtowers.ru
Raytheon Technologies	rtx.com
Rubius Therapeutics	rubiustx.com
Rubrik	rubrik.com
RudderStack	rudderstack.com
Ruigushop.com	ruigushop.com
RunKeeper	runkeeper.com
Russneft OJSC	russneft.ru
RxREVU	rxrevu.com
s3 ventures	s3vc.com
Companhia De Saneamento Basico Do Estado De Sao Paulo Sabesp	sabesp.com.br
Sacyr	sacyr.com
SafeBreach	safebreach.com
SafeMode	safemode.co
SafetyCulture	safetyculture.io
Safeway	safeway.com
The Sage Group	sage.com/company
Saguaro Resources	saguaroresources.com
sail	sail.co.in
salauno	salauno.com.mx
Salzgitter AG	salcos.salzgitter-ag.com
Salesforce.com	salesforce.com
Saluda Medical	saludamedical.com
Salzgitter	salzgitter-ag.com/en
Samasource	samasource.com
SamCart	samcart.com
Sampoerna	sampoerna.com
Samsung Electronics	samsung.com
Samsung C&T	samsungcnt.com
Sand 9	sand9.com
sandcraft	sandcraft.com
sands capital ventures	sandscapitalventures.com
SaneBox	sanebox.com
Sangamo Therapeutics	sangamo.com
Sanrise	sanrise.com
Sansan	sansan.com
Roche Innovation Center Copenhagen A/S	santaris.com
São Paulo State Government	saopaulo.sp.gov.br
Sapiens	sapiensneuro.com
sapphire ventures, llc	sapphireventures.com
Sarens	sarens.com
PT Nippon Indosari Corpindo	sariroti.com
Saudi Aramco	saudiaramco.com
Saudi Aramco	saudiaramco.com/en/home.html#top
Savant Systems	savant.com
Savers	savers.com
SAVO Group	savogroup.com
saif partners	sbaif.com
SCADAfence	scadafence.com
Scale AI	scale.com
ScaleFactor	scalefactor.com
Scalefast	scalefast.com
Scandic Hotels	scandichotels.com
Scc	scc.com
Adobe Scene7 	scene7.com
Schibsted	schibsted.com
Square D	schneider-electric.us
Schoeller Allibert Services B.V.	schoellerallibert.com
Schott	schott.com/english
Schumacher Group	schumachergroup.com
SCHUNK GmbH & Co.	schunk.com
Charles Schwab Corporation	schwab.com
Scint-X	scint-x.com
Scope AR	scopear.com
Saudi Electricity Company	se.com.sa
Sea Hunter Therapeutics	seahuntertherapeutics.com
Seasun	seasungames.com
section partners	sectionpartners.com
SecuriThings	securithings.com
Sedgwick Claims Management Services	sedgwick.com
Seed	seed.com
SeedInvest	seedinvest.com
Southeastern Grocers	segrocers.com
Seldon	seldon.io
SEMrush	semrush.com
Sendd	sendd.co
Seniorlink	seniorlink.com
Sensata Technologies	sensata.com
Sense	sense.com
sensemetrics	sensemetrics.com
Senseonics	senseonics.com
SenseTime	sensetime.com
Senseware	senseware.co
Heapsylon	sensoriafitness.com
SensrTrx	sensrtrx.com
Senstone	senstone.io
Senti Biosciences	sentibio.com
SEO N SMO	seonsmo.com
Seoul Robotics	seoulrobotics.org
Sep (Stichting Educatieve Projecten)	sep.nu
Sepaton	sepaton.com
sep	septinta.com
Sequenom	sequenom.com
Sequoia	sequoia.bio
Sequoia Capital 757M	sequoiacap.com
Seratis	seratis.com
Amazon Services	services.amazon.com
Amazon Seller Services	services.amazon.in
Servion Global Solutions	servion.com
sezmi	sezmi.com
SFJ Pharmaceuticals	sfj-pharma.com
State Grid	sgcc.com.cn
sgkb	sgkb.ch
SharesPost	sharespost.com
Sheriff	sheriff.md
Prance Wear	shethinx.com
Sumitomo Heavy Industries	shi.co.jp
Shield Foundation	shield-foundation.blogspot.in
Shift Technology	shift-technology.com
Shift	shift.com
Shimizu Corporation	shimz.co.jp/english
SHINEON Co.,LTD	shineon.cn
ShipHawk	shiphawk.com
Shippeo	shippeo.com
Shipt	shipt.com
Shipwire	shipwire.com
Lululemon	shop.lululemon.com
Shopify	shopify.com
Shopperception Inc	shopperception.com
Spring	shopspring.com
Shore Capital Partners	shorecp.com
SST Inc. (Formerly ShotSpotter)	shotspotter.com
Showroomprive.com	showroomprive.com
SHYFT Analytics	shyftanalytics.com
SiberCore Technologies	sibercore.com
Sidewalk Infrastructure Partners	sidewalkinfra.com
Sidewalk Labs	sidewalklabs.com
Siemens	siemens.com
Siemplify	siemplify.co
Sight Machine	sightmachine.com
Sight Sciences	sightsciences.com
Sigma Alimentos	sigma-alimentos.com/index_i.php#home
Sigma Partners	sigmapartners.com
signetjewelers	signetjewelers.com
NordicNinja VC	signl.online
Signpost	signpost.com
SIGRA Technologies	sigratech.de
Silent Circle	silentcircle.com
SilkRoad Technology	silkroad.com
Silverton Partners	silvertonpartners.com
Simility	simility.com
Simple Habit	simplehabit.com
SimpleReach	simplereach.com
Simplilearn	simplilearn.com
J.R. Simplot Company	simplot.com
Simplus	simplus.com
simsim	simsim.in
Simulanis Solutions Pvt.	simulanis.com
Simularity	simularity.com
sinai ventures	sinaivc.com
SiO Beauty	siobeauty.com
SIP	sip.com
Autônoma	sirin.com.br
Sirin Labs	sirinlabs.com
Siva Power	sivapower.com
Sixscape Communications Pte.	sixscape.com
sjf ventures	sjfventures.com
SK China	sk.com.cn
Skagen Designs	skagen.com
Skeleton Technologies	skeletontech.com
Sketchfab	sketchfab.com
sknetworks	sknetworks.co.kr
Skopos	skopos.de
Skorpios Technologies	skorpiosinc.com
Skry	skry.me
SK Telecom	sktelecom.com
Skylo	skylo.tech
Slack	slack.com
Slow Ventures	slow.co
Slow Ventures	slowventures.com
Smalls	smalls.com
Smarp	smarp.com
Smartlane	smartlane.de
SmartNews	smartnews.com
Smart Office Energy Solutions	smartoes.com
SmartPipes	smartpipes.com
SmartSheet	smartsheet.com
SmartZip	smartzip.com
Semiconductor Manufacturing International	smics.com
SmileDirectClub	smiledirectclub.com
sminvestments	sminvestments.com
Snapchat	snap.com
Snapchat	snapchat.com
Snap-on	snapon.com
Snowflake	snowflake.com
M.O Social Media	socialmedia.missouri.edu
sodexo	sodexo.com
Sodexo	sodexousa.com
SBK SBVK	softbank.co.kr
SoftBank	softbank.jp
Sogeti Services	sogeti.com
Solaicx	solaicx.com
SolarBridge Technologies	solarbridgetech.com
SolarCreed	solarcreed.com
Solidmation	solidmation.com
YourCause	solutions.yourcause.com
Solutions4Sure.com	solutions4sure.com
soma capital	somacapital.io
Sompo Holdings	sompo-hd.com
Sonabos Technologies	sonabos.com
SoNah	sonah.tech
SonderMind	sondermind.com
Sonepar USA	sonepar-us.com
Sonic Healthcare USA	sonichealthcareusa.com
Sonos	sonos.com
Soofa	soofa.co
Soulcycle	soulcycle.com
Soul Machines	soulmachines.com
SoundHound Inc	soundhound.com
Sourcewater	sourcewater.com
SouSmile	sousmile.com
Space Frontier Foundation	spacefrontier.org
Spacely	spacely.co.jp
SpaceX	spacex.com
Spanlink Communications	spanlink.com
SparkBeyond	sparkbeyond.com
Spark Capital	sparkcapital.com
SparkCharge	sparkcharge.io
SparkCognition	sparkcognition.com
Spark Therapeutics	sparktx.com
spectrum equity	spectrumequity.com
SpeedInvest	speedinvest.com
Spigit	spigit.com
Southampton Photonics	spioptics.com
Spirit Pub Company	spiritpubcompany.com
Spiro.AI	spiro.ai
Splice	splice.com
Splitzee	splitzee.com
Sportlyzer	sportlyzer.com
sportreseller	sportreseller.com
Spotify	spotify.com
Spreedly	spreedly.com
Springcm	springcm.com
Sprout Social	sproutsocial.com
Spruce Biosciences	sprucebiosciences.com
Spryker Systems	spryker.com
SQream Technologies	sqream.com
Square Capital	squarecapital.co.in
Square	squareup.com
Squirrel AI Learning	squirrelai.us
SSE	sse.com
SSM Healthcare	ssmhc.com
Staccato Communications	staccatocommunications.com
Stadia Ventures	stadiaventures.com
Stallergenesgreer	stallergenesgreer.com
Stanley Black & Decker	stanleyblackanddecker.com
Staqu Technologies	staqu.com
Starbucks Corp	starbucks.com
starbucks	starbucks.in
Starred	starred.com
Start Engine	startengine.com
Startup Genome	startupgenome.com
Station Houston	stationhouston.com
Steadview Capital	steadview.com
Steady	steadyhq.com
Lone Star Steakhouse / Texas Land & Cattle	steakcareers.com
steeldynamics	steeldynamics.com
Steel Reef Infrastructure Corp.	steelreef.ca
Stellar Value Chain Solutions Private	stellarvaluechain.com
Schweizerische Eidgenossenschaft	stelle.admin.ch
Steward Health Care System	steward.org
Stewart	stewartinc.com
Stion Corporation	stion.com
Stitch Fix	stitchfix.com
StoreDot	store-dot.com
eStratEx	stratex.com
Stratio Automotive	stratioautomotive.com
Streetbees	streetbees.com
Stripe	stripe.com
Strong Ventures	strongvc.com
Stroz Friedberg	strozfriedberg.com
Styla	styla.com
StyleSeat	styleseat.com
Styracorp Management Services	styracorp.com
Sublimity Therapeutics	sublimitytherapeutics.com
Sumeru Equity Partners	sumeruequity.com
summit partners	summitpartners.com
Sun Microsystems	sun.com
SunCat	suncat.stanford.edu
suncnim	suncnim.com
Suncor Energy	suncor.com
SundaySky	sundaysky.com
SunFunder	sunfunder.com
Fujian Sunner Development	sunnercn.com
Supercell	supercell.com
Superfly	superfly.com
Superpedestrian	superpedestrian.com
supplyFORCE.com	supplyforce.com
Sure	sureapp.com
surgutneftegas	surgutneftegas.ru
surpassmedical	surpassmedical.com
Surrozen	surrozen.com
SurveyMonkey	surveymonkey.com
Suryoday Small Finance Bank	suryodaybank.com
Sustainable Fisheries Partnership	sustainablefish.org
SVB Financial	svb.com
Sway Ventures	swayvc.com
Sweepr	sweepr.com
Sweetgreen	sweetgreen.com
State of Wisconsin Investment Board	swib.state.wi.us
Swiggy	swiggy.com
Swimlane	swimlane.com
Swivel	swivel.com
swivel	swivel.work
Shanxi Coking Coal Group	sxcc.com.cn
Shaanxi Yanchang Petroleum (Group)	sxycpc.com
Sygic	sygic.com
Sykes Enterprises	sykes.com
Symic Biomedical	symicbio.com/contact
Symphony Communication Services	symphony.com
Symrise	symrise.com
Syntaxin	syntaxin.com
Sysnet Global Solutions	sysnetgs.com
Syte	syte.ai
Marvin Jones	t2.gstatic.com
Tachyus	tachyus.com
TactoTek Oy	tactotek.com
Tado	tado.com
Taikang Insurance Group	taikang.com
Takasago Thermal Engineering	takasago.co.id
Tala	tala.co
Taligen Therapeutics	taligentherapeutics.com
TalkBin	talkbin.com
Tandemploy	tandemploy.com
TapReason	tapreason.com
TARA	tara.ai
Taranis	taranis.ag
Target	target.com
TARIS BioMedical	tarisbiomedical.com
Taskade 3.0 - Unified Workspace for Distributed Teams	taskade.com
Tastemade	tastemade.com
TA Ventures	taventures.vc
TaxJar	taxjar.com
TBA Mobile	tba.com
TBMICS	tbmics.blogspot.in
TCR2 Therapeutics	tcr2.com
ION	tcsion.com
TCV	tcv.com
TDK Europe	tdk.eu
TECDRON	tecdron.fr
TechCrunch	techcrunch.com
Technip	technipfmc.com
Techniwood	techniwood.fr
Techstars	techstars.com
Teespring	teespring.com
Teforia Company	teforia.com
Tejas Networks India	tejasnetworks.com
Teladoc	teladochealth.com
Telcare	telcare.com
Telegnos	telegnos.com
Deutsche Telekom	telekom.com
Telemont Engenharia de Telecomunicações	telemont.com.br
Telenav	telenav.com
Telepizza	telepizza.es
Telia Finland Oyj	telia.fi
Telit	telit.com
TellusLabs	telluslabs.com
Teléfonos de México	telmex.com
telseon	telseon.com
Temasek Holdings	temasek.com.sg
TemperPack Technologies	temperpack.com
Tempus	tempus.com
Tenant Turner	tenantturner.com
tenayacapital	tenayacapital.com
Tencent Holdings	tencent.com
Tenfold	tenfold.com
Tengion	tengion.com
Tenstorrent	tenstorrent.com
Terramera	terramera.com
Terremark Worldwide	terremark.com
Terrier Security Services (India) Pvt.	terrier.co.in
Tesla	tesla.com
Testim Computerized Verifications	testim.io
Tether Holdings	tether.to
Tetra Pak International	tetrapak.com
Tevva Motors	tevva.com
The Athletic	theathletic.com
Blueground	theblueground.com
The Cheeky Panda	thecheekypanda.co.uk
Commonwealth Secretariat	thecommonwealth.org
The Credit Junction	thecreditjunction.com
The Curious AI Company	thecuriousaicompany.com
The Data Guild	thedataguild.com
The Farmer's Dog	thefarmersdog.com
FoodTrace	thefoodtrace.com
Mountain View Dispensary	thefreedictionary.com
TheGuarantors	theguarantors.com
The InterTech Group	theintertechgroup.com
Oval Group	theovalgroup.com
COVID-19 Therapeutics Accelerator	therapeuticsaccelerator.org
The Save Mart Companies	thesavemartcompanies.com
Thetech360	thetech360.com
The Verge	theverge.com
TheWrap.com	thewrap.com
The Zebra	thezebra.com
ThingCo	thingco.com
Motive	thinkmotive.com
Pacifica Labs	thinkpacifica.com
Heap	thisisheap.com
Thinkberry	thkberry.blogspot.in
Thomson Reuters	thomsonreuters.com
ThreatMetrix	threatmetrix.com
Threat Stack	threatstack.com
Thrillophilia	thrillophilia.com
Thrive Capital thrivecap.com	thrivecap.com
Tasman Networks	tiaranetworks.com
Ticona	ticona.com
TIENS	tiens.co.uk
Tiger Global Management	tigerglobal.com
tikehaucapital	tikehaucapital.com
tikkr	tikkr.co
tikkurilagroup	tikkurilagroup.com
TikTok	tiktok.com
Tilera	tilera.com
Tilray	tilray.com
Timbuktu Labs	timbuktu.me
Tinder	tinder.com
Tink	tink.de
Tiny Speck	tinyspeck.com
TinyTap	tinytap.it
Titomic	titomic.com
Ticket Monster Inc	tmon.co.kr
TOAST (Mail Order)	toa.st
Toast	toast.com
Tobii	tobii.com
Lojas Americanas	todomundovai.com.br
Toepfer International	toepfer.com
OpportunitySpace	tolemi.com
Tonal Systems	tonal.com
Top Hat	tophat.com
torch capital	torchcapital.vc
Toshiba	toshiba.com
Toss	toss.im
TouchBistro	touchbistro.com
TouristEye	touristeye.com
towerbrook	towerbrook.com
toyota ai ventures	toyota-ai.ventures
TPG Capital	tpg.com
TPG Growth	tpggrowth.com
Triple Point Technology	tpt.com
Trademob	trademob.com
TradePlus24	tradeplus24.ch/index.php/en
Trader Joe's Company	traderjoes.com
TradeWraps	tradewraps.com
Phenom	traffic.megaphone.fm
Trafigura Group	trafigura.com
Trafigura	trafigura.com/?lang=gbr
Trailze	trailze.com
transcosmos America	trans-cosmos.co.jp
Transaero Airlines	transaero.ru/en
TransferWise	transferwise.com
transmeta	transmeta.com
TransUnion	transunion.com
Travelers Syndicate Management	travelers.co.uk
TravelTriangle	traveltriangle.com
Traxpay	traxpay.com
treefin	treefin.com
TrendKite	trendkite.com
Trendy International Group	trendy-global.com
TresMoto	tresmoto.in
TRIA Beauty	triabeauty.com
Tri Alpha Energy	trialphaenergy.com
Triangle Peak Partners	trianglepeakpartners.com
Tribe Accelerator	tribeaccelerator.co
trifecta capital partners	trifectacapital.in
Triller	triller.co
Trillium Secure	trilliumsecure.com
Trinity Ventures	trinityventures.com
Triplemint	triplemint.com
TriplePoint Capital	triplepointcapital.com
Trippy	trippy.com
Tri-State Employment Services	tristatepeo.com
Tritium	tritium.com.au
Triton Beratungsgesellschaft	triton-partners.com
Trojan Battery	trojanbattery.com
Trooly	troo.ly
Overhaul	trophytrucks.com
Tropian	tropian.com
Trouva	trouva.com
T. Rowe Price Group	troweprice.com
Türkiye Radyo ve Televizyon Kurumu	trt.net.tr
TrueFace	trueface.ai
TrueNorth	truenorthfleet.com
True Ventures trueventures.com	trueventures.com
Truework	truework.com
Trulia	trulia.com
Trumph Medical	trumpf-med.com/en
TRUMPF	trumpf.com
TrustArc	trustarc.com
Affinity	tryaffinity.com
Booster Fuels	trybooster.com
Hungry Marketplace	tryhungry.com
TScan Therapeutics	tscan.com
Tsign	tsign.cn
TubeMogul	tubemogul.com
TUI Travel	tuigroup.com
TuneUp.com	tuneup.com
Turi	turi.com
Turing Video	turingvideo.com
TurnKey Vacation Rentals	turnkeyvr.com
Twiglr.com	twiglr.com
Twitch	twitch.com
Twitch	twitch.tv
Twitter	twitter.com
Typeform	typeform.com
Ualá	uala.com.ar
Uber	uber.com
Uber China	uber.com/cities/beijing
Uber Eats	ubereats.com
Uber Freight	uberfreight.com
Ubersense	ubersense.com
Ubiquisys	ubiquisys.com
Ubooly	ubooly.com
Ubudu	ubudu.com
UCHealth	uchealth.org
University College London Hospitals	uclh.nhs.uk
University Of California Office Of The President	ucop.edu
Udemy	udemy.com
Union des Etudiants Juifs de France	uejf.org
Genetics Institute	ufgi.ufl.edu
U-Freight	ufreight.com
University of Illinois Foundation	uif.uillinois.edu
UiPath	uipath.com
UL	ul.com
Ule	ule.com
ultrajaya	ultrajaya.co.id
University of Massachusetts Medical School	umassmed.edu
Unbabel	unbabel.com
Under Armour	underarmour.com
unicajabanco	unicajabanco.es
Universidade Estadual De Campinas	unicamp.br
Unified	unified.com
Unilever	unilever.com
Unily	unily.com
Uniphar Group Plc	uniphar.ie
Fast Retailing USA	uniqlo.com/us
Unisys	unisys.com
United Airlines Holdings	united.com
United Airlines	united.com/ual/en/us
United Utilities Water	unitedutilities.com
Unifam	uniting.org
Unity Technologies	unity.com
Universal Robots	universal-robots.com
Universal Protection Service	universalpro.com
Unlock Your Ability	unlockyourability.com
Unmanned Life	unmanned.life
Unravel Data	unraveldata.com
UN RED CROSS SYRIA DYMACUS	unredcross.com
untapt	untapt.com
Sichuan UOKO Investment Management Co.	uoko.com
Updata Partners	updata.com
upfront ventures	upfront.com
Uplevel	uplevelsecurity.com
Uplevel	uplevelteam.com
UPM Kymmene Corporation	upm.com
UPMC	upmc.com
UPS Supply Chain Solutions	ups-scs.com
United Parcel Service	ups.com
JSC Permgeologodobycha	uralkali.com
Urban Ladder	urbanladder.com
Urban	urbanmassage.com
United Refrigeration	uri.com
Neotract	urolift.com
UrtheCast	urthecast.com
JLL Spark	us.jll.com
Yusen Logistics (Americas)	us.yusen-logistics.com
USA.NET	usa.net
Union Square Ventures (USV)	usv.com
UtilityAPI	utilityapi.com
Vaillant	vaillant-group.com
Vale	vale.com
Valerann	valerann.com
Validity Finance	validity-finance.com
Valorem Energy	valorem-energy.com
Valor Equity Partners	valorep.com
Vanco Payment Solutions	vancopayments.com
Vandemoortele NV	vandemoortele.com
Vanguard Health Systems	vanguardhealth.com
Varian Medical Systems	varian.com
vArmour Networks	varmour.com
VASA Slovensko s.r.o	vasa-slovensko.sk
VaxInnate Corporation	vaxinnate.com
VCCircle	vccircle.com
New Vector	vector.im
Vectron Systems	vectron-systems.com
Vee24	vee24.com
Veev	veev.com
veeva	veeva.com
Velltrax	velltrax.co.jp
VeloCom	velocom.com
Velvet Energy	velvetenergy.net
Venafi	venafi.com
Veniti	venitimedical.com
Venmo	venmo.com
VENTRA	ventra.ru
Ventura Film Festival	venturafilmfestival.org
venture investors	ventureinvestors.com
Ventus Therapeutics	ventustx.com
Verano B.V	verano.nl
Vericred	vericred.com
Veriff	veriff.com
Verinata Health	verinata.com
Veritas Capital	veritascapital.com
Verizon Communications	verizon.com
Verizon Media	verizonmedia.com
Verizon	verizonwireless.com
Verodin	verodin.com
Versace USA	versace.com
Version1 Software	version1.com
Vertify	vertify.com
Verto Analytics	vertoanalytics.com
Very Good Security	verygoodsecurity.com
Vessel Group	vessel.com
Vestas	vestas.com
Viacom	viacomcareers.com
viciproperties	viciproperties.com
Vida Ventures	vidaventures.com
Vidooly	vidooly.com
Vidyard	vidyard.com
View	view.com
ViewRay	viewray.com
Vignani Technologies Pvt.	vignani.com
Viking Global Investors	vikingglobal.com
Vision Fund	viljabalans.se
Vinchain LLC	vinchain.io
VINCI	vinci.com
Viptela	viptela.com
Virgin Orbit	virginorbit.com
Virgo Investment Group	virgo-llc.com
Virtela Technology Services Incorporated	virtela.net
Virtru	virtru.com
Visa	visalogistica.com
Vision Source, L.P.	visionsource.com
Vitae Pharmaceuticals	vitaepharma.com
Vitruvian Partners	vitruvianpartners.com
Savory	viva.co.nz
Vividion Therapeutics	vividion.com
Vivriti Capital	vivriticapital.com
Vlocity	vlocity.com
VMware	vmware.com
Vodafone-Central	vodafone-central.com
Vodafone	vodafone.de
voestalpine AG	voestalpine.com
Volex	volex.com
Volpe	volpe.dot.gov
Volvo Construction Equipment	volvoce.com
VORTEX BLADELESS	vortexbladeless.com
Vostok Project	vostok.io
Votiro	votiro.com
Vouch Insurance	vouch.us
Vouch Insurtech Pte.	vouchinsurance.sg
Voxeo Corporation	voxeo.com
voyager capital	voyagercapital.com
Voyager Innovations	voyagerinnovation.com
VRBO.COM	vrbo.com
vreg	vreg.com
Vroom	vroom.com
Vroom	vroomauto.it
Vertex Pharmaceuticals Inc	vrtx.com
Vtesse	vtessepharma.com
vueling	vueling.com
Vulog	vulog.com
Vungle	vungle.com
Kuaidi Dache	vvipone.com/en
V-Wave	vwavemedical.com
Wabtec Corporation	wabtec.com
Wacker Chemie	wacker.com
Wag	wagwalking.com
Walgreens Boots Alliance	walgreensbootsalliance.com
WalkMe	walkme.com
Walmart	walmart.com
Walmex	walmex.mx/en.html
Walvax Biotechnology	walvax.com
Warby Parker	warbyparker.com
WaterHealth International	waterhealth.com
Wattvision	wattvision.com
Wave	waveapps.com
Wave	wavebl.com
Wavecrest Growth Partners	wavecrestgrowth.com
Wayfair	wayfair.com
waygum.io	waygum.io
Waymo	waymo.com
Wayz.ai	wayz.ai
Wake County Public School System	wcpss.net
WearHealth	wearhealth.com
Kinetic	wearkinetic.com
Linkem	web.linkem.com
WebMD	webmd.com
WebPT	webpt.com
Webuild	webuildgroup.com
WebyClip	webyclip.com
WeChat	wechat.com
Wefunder	wefunder.com
Weibo	weibo.com
Wellframe	wellframe.com
Wemind	wemind.io
Wendy's International	wendys-invest.com
WePay	wepay.com
We R	wermemorykeepers.com
WeSavvy	wesavvy.com
Westcap Corporation	westcap.q10capital.com
Western Digital	westerndigital.com
Western Technology Investment	westerntech.com
wetransform	wetransform.to
WeWork	wework.com
Weyerhaeuser	weyerhaeuser.com
Wells Fargo Insurance Services	wfis.wellsfargo.com
World Food Programme	wfp.org
whalewisdom	whalewisdom.com
wheatsheaf group limited	wheatsheafgroup.com
whitbread	whitbread.co.uk
WhiteHat Jr	whitehatjr.com
Whiz.ai	whiz.ai
Whole Foods Market	wholefoodsmarket.com
WHOOP	whoop.com
Wi Charge	wi-charge.com
Wiivv Wearables Company	wiivv.com
wiky	wikyapps.blogspot.in
Wildlife Studios	wildlifestudios.com
Wine in Black	wine-in-black.de
WireCo WorldGroup	wirecoworldgroup.com
Windward	wnwd.com
wockhardt	wockhardt.com
Wonga	wonga.com
Woo Doo	woodoo.fr
WoodysHousing	woodyshousing.com
Australian Independent Retailers	woolworths.com.au
Workday	workday.com
Spays Online Payments	workle.ru
Workstream	workstream.us
WorldCover	worldcovr.com
Worxogo Solutions Pvt.	worxogo.com
WSP	wsp.com/en
Wtoip	wtoip.com
Wunderman	wunderman.com
Livongo	www2.livongo.com
True Corporation	www3.truecorp.co.th/home
Wyse Technology	wyse.com
x5	x5.ru
Xcel Energy Inc	xcelenergy.com
Xenex	xenex.com
Xero	xero.com
Xesol Innovation	xesolinnovation.com
Xiangwushuo	xiangwushuo.com
Xiaodian	xiaodian.so
Xiaoying Financial	xiaoyingjinrong.com
Xinrong	xinrong.net
Xirrus	xirrus.com
Xn Financial Services	xn.com
Xnor.ai	xnor.ai
Xoc Pharmaceuticals	xocpharma.com
Xoom	xoom.com
XtalPi	xtalpi.com
xueqiu	xueqiu.com
XY Gaming	xygaming.com
Zhejiang Yankon	yankon.com
Caterpillar	yardclub.com
Yatis Technologies	yatis.in
Y Combinator	ycombinator.com
China Yeehoo Group	yeehoo.com.cn
YG Entertainment	ygfamily.com
Yiguo.com	yiguo.com
YL Ventures	ylventures.com
Yosko	yosko.com
Yost Labs	yostlabs.com
YO! Sushi UK	yosushi.com
Your Own Room	yourownroom.com
YRC Freight	yrcfreight.com
YUPPTV	yupptv.com
Zain	zain.com
ZAPinfo	zapinfo.io
Zavante Therapeutics	zavante.com
Zazcar	zazcar.com.br
zeev ventures	zeevventures.com
Carl Zeiss AG	zeiss.com
Zeltiq Aesthetics	zeltiq.com
Zenefits	zenefits.com
ZenPayroll	zenpayroll.com
Zepteon	zepteon.com
ZeroFOX	zerofox.com
Zerotech	zerotech.com
Zeus	zeusliving.com
Belvedor (ZhuBaiJia)	zhubaijia.com
Zimmer Biomet Holdings	zimmerbiomet.com
Zintro	zintro.com
ZIOPHARM Oncology	ziopharm.com
Zip Co	zip.co
Zocdoc	zocdoc.com
Zoom	zoom.us
ZoomInfo	zoominfo.com
ZOOM	zoomint.com
ZTE USA	zteusa.com
Zume Inc	zume.com
Zume Pizza	zumepizza.com
Zumper	zumper.com
Zymeworks	zymeworks.com
Zynga	zynga.com
